date,prc_val,div_val,prc_adj_val,div_adj_val,pd,pd_adj
31dec1925,2.55e+09,0,2.26e+07,0,,
30jan1926,2.27e+09,1278267,2.32e+07,54826.76,7.481859,6.04877
27feb1926,2.29e+09,4536503,2.36e+07,86459.14,6.224956,5.609517
31mar1926,2.08e+09,1.66e+07,2.18e+07,203967.9,4.835319,4.670402
30apr1926,2.03e+09,1559532,2.16e+07,66719.05,7.169946,5.779564
28may1926,1.98e+09,6203373,2.31e+07,262577.6,5.765959,4.477003
30jun1926,2.15e+09,1.94e+07,2.55e+07,165972.2,4.706911,5.032855
31jul1926,1.70e+09,1003489,2.34e+07,56535.32,7.433653,6.027609
31aug1926,1.92e+09,4628749,2.43e+07,94986.78,6.02543,5.54437
30sep1926,1.86e+09,1.56e+07,2.47e+07,132162.2,4.784948,5.230571
30oct1926,1.60e+09,1009585,2.31e+07,55374.76,7.370891,6.034548
30nov1926,2.58e+09,1.97e+07,2.83e+07,210180.3,4.873806,4.901474
31dec1926,2.03e+09,1.83e+07,2.74e+07,177751.8,4.709508,5.039528
31jan1927,1.86e+09,1683295,2.64e+07,75177.86,7.009828,5.860237
28feb1927,2.28e+09,6441531,2.96e+07,137161.3,5.870193,5.372861
31mar1927,-4.52e+08,1.87e+07,2.82e+07,157774.5,,5.184826
30apr1927,1.58e+09,1652092,2.64e+07,71236.76,6.864335,5.913587
31may1927,2.16e+09,7136323,3.12e+07,150722.1,5.710375,5.334261
30jun1927,1.59e+09,1.46e+07,3.02e+07,233065.3,4.692863,4.863935
30jul1927,1.71e+09,1428459,3.05e+07,78343.22,7.085939,5.963997
31aug1927,2.21e+09,8988168,3.22e+07,163376.7,5.504801,5.284512
30sep1927,2.14e+09,1.42e+07,3.46e+07,197253.7,5.016792,5.16821
31oct1927,1.97e+09,2240349,3.24e+07,99413.68,6.777364,5.785288
30nov1927,2.82e+09,1.21e+07,3.77e+07,160147.5,5.450756,5.46138
31dec1927,2.04e+09,1.29e+07,3.83e+07,218290.5,5.065799,5.167755
31jan1928,2.21e+09,1473294,3.58e+07,80831.35,7.312381,6.093219
29feb1928,2.43e+09,7213644,3.47e+07,135075.2,5.819807,5.549769
31mar1928,2.45e+09,1.40e+07,3.79e+07,157299.8,5.165034,5.485785
30apr1928,2.65e+09,1795678,3.84e+07,97260.56,7.296566,5.979666
31may1928,2.96e+09,8957541,4.24e+07,169334.9,5.799938,5.524202
30jun1928,2.59e+09,1.91e+07,4.18e+07,234901.9,4.907897,5.181653
31jul1928,2.09e+09,1497198,3.80e+07,75087.31,7.242138,6.227418
31aug1928,3.02e+09,1.67e+07,4.25e+07,355248,5.198876,4.784718
29sep1928,2.72e+09,1.25e+07,4.12e+07,137892.9,5.380658,5.700547
31oct1928,2.90e+09,2464078,4.31e+07,98598.87,7.070265,6.079252
30nov1928,4.15e+09,1.69e+07,5.61e+07,313037,5.499802,5.188868
31dec1928,3.76e+09,2.10e+07,5.87e+07,1011951,5.189688,4.060891
31jan1929,3.07e+09,3634555,5.62e+07,191090.6,6.738777,5.684091
28feb1929,3.71e+09,2.38e+08,5.58e+07,249732.5,2.748013,5.409518
28mar1929,2.75e+09,1.26e+07,5.62e+07,245936.7,5.384539,5.431973
30apr1929,2.78e+09,3878703,5.79e+07,312838.9,6.57408,5.220667
31may1929,3.00e+09,1.33e+07,6.20e+07,408553.8,5.421565,5.022152
29jun1929,3.08e+09,1.15e+07,6.21e+07,210275.6,5.591386,5.687551
31jul1929,3.11e+09,3832746,6.21e+07,216384.3,6.70038,5.659302
30aug1929,4.15e+09,1.05e+07,7.01e+07,215225.9,5.974308,5.785305
30sep1929,2.07e+09,1.35e+07,6.57e+07,375271.5,5.034443,5.165833
31oct1929,3.13e+09,6158680,5.35e+07,211895.3,6.230608,5.53132
27nov1929,3.17e+09,8791651,5.16e+07,238548.8,5.889032,5.376059
31dec1929,2.90e+09,1.28e+07,5.06e+07,324033.3,5.420537,5.050929
31jan1930,2.63e+09,5797408,5.19e+07,154934.5,6.117095,5.814965
28feb1930,3.05e+09,8844560,5.40e+07,244277,5.841746,5.398731
31mar1930,3.11e+09,1.34e+07,5.80e+07,236089.8,5.445201,5.503447
30apr1930,3.08e+09,3983168,5.62e+07,120973.9,6.650392,6.140642
29may1930,3.68e+09,1.11e+07,5.62e+07,232687.8,5.803423,5.487041
30jun1930,2.71e+09,1.53e+07,4.66e+07,262107.8,5.17711,5.181326
31jul1930,2.80e+09,4326472,4.93e+07,124819.1,6.474174,5.978192
29aug1930,3.31e+09,9787130,5.00e+07,209733.1,5.822426,5.474117
30sep1930,2.62e+09,1.42e+07,4.19e+07,232868.9,5.217757,5.191601
31oct1930,2.20e+09,4491370,3.86e+07,122048.5,6.194791,5.757167
29nov1930,2.54e+09,7827394,3.90e+07,149626.4,5.783237,5.563742
31dec1930,2.34e+09,1.45e+07,3.53e+07,253885.8,5.081915,4.933517
31jan1931,1.55e+09,5102017,3.59e+07,196563.3,5.714337,5.208694
28feb1931,9.07e+08,7783011,4.08e+07,185784.7,4.758183,5.391924
31mar1931,2.34e+09,1.61e+07,3.65e+07,184068.8,4.977669,5.290746
30apr1931,2.09e+09,4109475,3.32e+07,89418.06,6.231658,5.916179
29may1931,1.96e+09,7043030,2.85e+07,156309.5,5.626306,5.206084
30jun1931,2.72e+09,1.62e+07,3.27e+07,182672.7,5.124546,5.187303
31jul1931,5.43e+08,4158942,2.91e+07,95653.46,4.871997,5.718811
31aug1931,2.06e+09,7163707,2.97e+07,138949.5,5.663848,5.365301
30sep1931,1.99e+09,1.50e+07,2.02e+07,132928.6,4.882322,5.022298
31oct1931,1.52e+09,4589225,2.14e+07,77470.89,5.800128,5.622568
30nov1931,1.72e+09,7038400,2.11e+07,157327.1,5.497137,4.898616
31dec1931,2.11e+09,1.58e+07,1.70e+07,151062.4,4.897696,4.724875
30jan1932,1.19e+09,4021040,1.65e+07,61097.29,5.692496,5.598336
29feb1932,1.47e+09,6511686,1.82e+07,119285.7,5.420261,5.026182
31mar1932,1.83e+09,1.48e+07,1.53e+07,109967.4,4.814087,4.934488
30apr1932,9.76e+08,4073948,1.23e+07,47614.85,5.47858,5.554033
31may1932,1.12e+09,5784782,9998080,85872.1,5.261497,4.757289
30jun1932,1.24e+09,1.45e+07,9547434,179122.5,4.445882,3.975958
30jul1932,1.03e+09,3225090,1.29e+07,31736.82,5.767942,6.005518
31aug1932,1.53e+09,5389553,1.85e+07,82327.24,5.649462,5.41447
30sep1932,-9.61e+07,1.43e+07,1.71e+07,84707.68,,5.310048
31oct1932,2.42e+08,3292926,1.47e+07,32481.11,4.295653,6.113162
30nov1932,1.21e+09,5332471,1.44e+07,80207.22,5.424922,5.192165
31dec1932,7.18e+08,1.38e+07,1.47e+07,107165,3.952351,4.917998
31jan1933,1.08e+09,3238487,1.43e+07,45625.26,5.813004,5.749029
28feb1933,9.82e+08,3414946,1.21e+07,83315.69,5.661149,4.981185
31mar1933,8.64e+08,1.32e+07,1.22e+07,78330.67,4.17921,5.049842
29apr1933,1.38e+09,2624286,1.75e+07,31825.98,6.266479,6.307894
31may1933,1.52e+09,4828354,2.12e+07,69597.22,5.748721,5.718542
30jun1933,1.68e+09,1.19e+07,2.41e+07,74326.39,4.953973,5.779885
31jul1933,1.59e+09,2352960,2.16e+07,28944.73,6.513372,6.616888
31aug1933,1.08e+09,1773951,2.44e+07,50699.37,6.409755,6.17773
30sep1933,8.09e+08,1.26e+07,2.25e+07,107950.8,4.161821,5.339741
31oct1933,1.58e+09,2882341,2.04e+07,35789.88,6.304178,6.347138
29nov1933,1.14e+09,6714168,2.41e+07,114758.5,5.135603,5.349084
30dec1933,1.65e+09,1.25e+07,2.28e+07,71332.65,4.87897,5.766062
31jan1934,1.84e+09,2779036,2.55e+07,52061.82,6.497591,6.195562
28feb1934,1.77e+09,4430590,2.54e+07,106628.3,5.988571,5.471418
31mar1934,1.65e+09,1.21e+07,2.52e+07,78062.66,4.921514,5.778845
30apr1934,1.82e+09,2845015,2.46e+07,49388.51,6.462163,6.210849
31may1934,-1.44e+08,4371718,2.29e+07,73337.48,,5.742662
30jun1934,-1.26e+08,1.23e+07,2.34e+07,75320.38,,5.737094
31jul1934,4.65e+07,2665724,2.03e+07,46463.91,2.858217,6.082016
31aug1934,1.21e+09,5669904,2.37e+07,106744.6,5.362834,5.40266
29sep1934,1.60e+09,1.25e+07,2.17e+07,73090.74,4.854014,5.693628
31oct1934,1.22e+09,3129287,2.17e+07,35346.46,5.964807,6.418988
30nov1934,2.47e+09,7874219,2.56e+07,102445,5.749679,5.519538
31dec1934,3.17e+09,1.74e+07,2.46e+07,97353.41,5.202421,5.531868
31jan1935,-1.04e+08,3344131,2.28e+07,45499.95,,6.215987
28feb1935,2.05e+09,6403834,2.24e+07,102677,5.767752,5.384021
30mar1935,1.44e+09,1.45e+07,2.11e+07,77433.45,4.603363,5.606007
30apr1935,1.71e+09,2883047,2.27e+07,34826.74,6.388269,6.478639
31may1935,-1.34e+08,6712239,2.37e+07,91465.04,,5.555821
29jun1935,3.18e+08,1.44e+07,2.52e+07,84087.82,3.094386,5.70163
31jul1935,2.68e+09,3230198,2.63e+07,50821.99,6.719259,6.247372
31aug1935,-8.62e+08,5463048,2.98e+07,110982.4,,5.591744
30sep1935,1.93e+09,1.45e+07,2.79e+07,90166.2,4.890668,5.736334
31oct1935,3.17e+08,3112211,2.97e+07,47285.28,4.623185,6.442135
30nov1935,7.77e+08,1.11e+07,3.54e+07,152225.5,4.245926,5.449616
31dec1935,2.12e+09,1.06e+07,3.49e+07,112109.2,5.301634,5.740238
31jan1936,2.18e+09,3230212,3.50e+07,69157.52,6.514281,6.225741
29feb1936,2.03e+09,4619407,3.68e+07,113084.9,6.083835,5.785961
31mar1936,2.16e+09,8674052,3.64e+07,96487.69,5.518981,5.932448
30apr1936,2.31e+09,3640467,3.33e+07,54954.92,6.452074,6.406013
29may1936,1.86e+09,1.03e+07,4.04e+07,156986.8,5.190789,5.55108
30jun1936,2.10e+09,8456351,3.66e+07,115445,5.513126,5.760368
31jul1936,2.43e+09,1.37e+07,3.82e+07,66218.64,5.180717,6.357001
31aug1936,2.60e+09,6419315,4.30e+07,167081.4,6.004054,5.55031
30sep1936,1.72e+09,9486371,4.09e+07,126640.4,5.20198,5.778061
31oct1936,2.43e+09,3488381,4.23e+07,73241.06,6.548205,6.359779
30nov1936,3.99e+09,3.08e+07,5.34e+07,396659.5,4.863881,4.903195
31dec1936,1.96e+09,1.56e+07,4.86e+07,274208.9,4.83429,5.176499
30jan1937,2.17e+09,4174813,4.50e+07,61945.72,6.255424,6.588404
27feb1937,2.77e+09,5636136,4.66e+07,154619.2,6.198085,5.708982
31mar1937,3.23e+09,1.27e+07,4.67e+07,160385.9,5.543028,5.673028
30apr1937,2.38e+09,4928555,4.24e+07,64808.06,6.179968,6.483996
28may1937,2.97e+09,1.48e+07,4.51e+07,217738.2,5.304796,5.33268
30jun1937,1.28e+09,1.02e+07,4.16e+07,167166.5,4.835392,5.515969
31jul1937,1.91e+09,4551631,4.30e+07,132660,6.039001,5.782087
31aug1937,2.62e+09,7843711,4.27e+07,192976.2,5.811351,5.400266
30sep1937,2.55e+09,1.20e+07,3.73e+07,178512.3,5.361102,5.342554
30oct1937,1.95e+09,4197808,3.16e+07,73781.94,6.139008,6.058795
30nov1937,2.88e+09,3.39e+07,3.33e+07,420509.8,4.441807,4.371729
31dec1937,1.28e+09,1.09e+07,2.92e+07,249902.3,4.765258,4.760054
31jan1938,1.86e+09,3382214,2.72e+07,48403.57,6.308654,6.332575
28feb1938,1.63e+09,5095801,2.96e+07,117812.3,5.76514,5.524842
31mar1938,1.87e+09,1.29e+07,2.18e+07,105895.1,4.977293,5.328314
30apr1938,4.78e+08,3210208,2.48e+07,46126.03,5.003853,6.287564
31may1938,3.75e+08,9966703,2.51e+07,119801.6,3.627228,5.345802
30jun1938,2.53e+09,1.05e+07,2.99e+07,112162.3,5.487793,5.586716
30jul1938,1.96e+09,3327739,3.15e+07,45239.31,6.377014,6.545064
31aug1938,1.32e+09,4620160,3.07e+07,108830.1,5.655069,5.642147
30sep1938,2.47e+09,9740247,3.12e+07,93822.3,5.536722,5.80775
31oct1938,1.83e+09,4179356,3.29e+07,59855.37,6.082907,6.310588
30nov1938,2.87e+09,8935884,3.47e+07,172338.9,5.770976,5.304983
31dec1938,2.94e+09,2.11e+07,3.57e+07,215194.1,4.93432,5.110227
31jan1939,2.45e+09,3106792,3.09e+07,43648.79,6.669273,6.562701
28feb1939,2.49e+09,5177553,3.22e+07,128719.9,6.177427,5.521421
31mar1939,2.85e+09,1.13e+07,2.82e+07,100308.9,5.531879,5.638934
29apr1939,1.13e+09,4226999,2.79e+07,50863.17,5.58635,6.306718
31may1939,1.89e+09,8165094,3.09e+07,134763,5.445332,5.434521
30jun1939,2.33e+09,1.08e+07,2.80e+07,119692.3,5.370518,5.454439
31jul1939,2.44e+09,3427040,3.04e+07,50478.84,6.567343,6.399067
31aug1939,1.32e+09,6014481,2.84e+07,143639.5,5.392735,5.286265
30sep1939,2.26e+09,1.07e+07,3.31e+07,102183.8,5.350947,5.781259
31oct1939,2.44e+09,5262123,3.32e+07,45172.18,6.13976,6.59971
30nov1939,3.62e+09,2.87e+07,3.54e+07,300207.4,4.836012,4.77044
30dec1939,2.80e+09,1.32e+07,3.48e+07,257324.6,5.360519,4.907935
31jan1940,1.86e+09,3751565,3.15e+07,49378.61,6.207498,6.457445
29feb1940,2.52e+09,6798327,3.16e+07,164677.8,5.915218,5.258339
30mar1940,2.53e+09,1.29e+07,3.24e+07,99374.11,5.277954,5.785499
30apr1940,7.70e+08,4846300,3.21e+07,61143.14,5.068512,6.263711
31may1940,1.01e+09,1.43e+07,2.56e+07,210076.6,4.256347,4.804265
29jun1940,2.25e+07,1.07e+07,2.60e+07,117412.5,.7402566,5.399763
31jul1940,1.80e+09,3279808,2.63e+07,55216.53,6.308417,6.166355
31aug1940,1.89e+09,7442805,2.81e+07,186192.2,5.537313,5.016647
30sep1940,1.06e+09,1.23e+07,2.77e+07,113479.8,4.452113,5.496162
31oct1940,2.21e+09,3987937,2.84e+07,59922.91,6.316305,6.160335
30nov1940,2.65e+09,2.70e+07,3.11e+07,322972.9,4.585537,4.567422
31dec1940,2.27e+09,1.07e+07,2.98e+07,206915.9,5.359014,4.969006
31jan1941,1.74e+09,3143877,2.65e+07,49061.45,6.315315,6.292381
28feb1941,1.81e+09,6912424,2.67e+07,174666.1,5.569984,5.028208
31mar1941,1.30e+09,1.29e+07,2.62e+07,124841.4,4.613048,5.34734
30apr1941,1.00e+09,4617640,2.52e+07,56396.78,5.382478,6.100451
31may1941,-1.05e+08,1.30e+07,2.66e+07,208933.9,,4.845645
30jun1941,1.03e+09,1.22e+07,2.64e+07,156059.7,4.432192,5.130681
31jul1941,1.76e+08,4309898,2.80e+07,68059.44,3.71065,6.019481
30aug1941,2.60e+07,7671299,2.95e+07,200741.7,1.219533,4.989111
30sep1941,1.31e+09,1.14e+07,2.73e+07,119315.9,4.738919,5.434638
31oct1941,2.06e+09,4671469,2.60e+07,79009.58,6.086916,5.794942
29nov1941,2.67e+09,3.18e+07,3.00e+07,350867.4,4.429956,4.447456
31dec1941,2.20e+09,1.22e+07,2.63e+07,261724.1,5.198662,4.611023
31jan1942,9.20e+08,3429966,2.41e+07,48405.9,5.592189,6.208888
28feb1942,1.47e+09,6394321,2.42e+07,161517.5,5.437812,5.01077
31mar1942,1.49e+09,1.30e+07,2.16e+07,128147.1,4.742363,5.127997
30apr1942,7.30e+08,3372478,2.08e+07,60494.35,5.377958,5.838224
29may1942,1.15e+09,1.22e+07,2.30e+07,172890,4.545051,4.88883
30jun1942,1.72e+08,1.09e+07,2.24e+07,145793.8,2.756907,5.033338
31jul1942,1.46e+09,4416691,2.32e+07,63098.22,5.802763,5.908543
31aug1942,3.39e+08,6024887,2.39e+07,159594,4.029786,5.00904
30sep1942,1.16e+09,1.04e+07,2.37e+07,112426.8,4.717069,5.351995
31oct1942,-1.10e+08,3920789,2.54e+07,55970.03,,6.119272
30nov1942,2.68e+09,2.16e+07,2.82e+07,286853.3,4.818157,4.587131
31dec1942,2.22e+09,1.01e+07,2.76e+07,207362.6,5.395917,4.889897
30jan1943,1.63e+09,3029313,2.82e+07,47734.74,6.288575,6.381213
27feb1943,1.44e+09,1.09e+07,3.06e+07,152826.7,4.883402,5.30095
31mar1943,2.37e+09,9580950,3.20e+07,124510.3,5.51278,5.549763
30apr1943,6.46e+08,4080385,3.18e+07,53806.36,5.064033,6.381855
29may1943,8.76e+08,1.53e+07,3.55e+07,180740.9,4.049973,5.279443
30jun1943,1.01e+09,7925718,3.46e+07,146658.5,4.844791,5.462546
31jul1943,1.52e+09,3714602,3.26e+07,57917.46,6.017194,6.333288
31aug1943,6.38e+08,1.06e+07,3.38e+07,276423.9,4.094908,4.805045
30sep1943,2.22e+08,7400527,3.40e+07,138144.7,3.403133,5.505969
30oct1943,1.31e+08,4796416,3.32e+07,46733.8,3.306656,6.565873
30nov1943,1.03e+09,2.58e+07,3.51e+07,313572.5,3.685325,4.7167
31dec1943,2.35e+09,2.16e+07,3.46e+07,280074.9,4.689937,4.816541
31jan1944,1.34e+09,3171948,3.33e+07,51370.49,6.048265,6.474453
29feb1944,2.21e+09,1.20e+07,3.42e+07,192558.6,5.211994,5.178749
31mar1944,7.10e+08,1.08e+07,3.43e+07,149239.9,4.188457,5.437209
29apr1944,6.49e+08,4139103,3.37e+07,52455.96,5.055457,6.465754
31may1944,2.78e+09,1.79e+07,3.70e+07,215915.2,5.043859,5.143778
30jun1944,2.22e+09,8625979,3.86e+07,166195.3,5.55191,5.446575
31jul1944,1.90e+09,3653734,3.62e+07,58527.1,6.255658,6.427174
31aug1944,1.97e+09,1.25e+07,3.81e+07,212348.6,5.055499,5.189578
30sep1944,3.89e+08,8824219,3.71e+07,119443.3,3.786382,5.738796
31oct1944,2.61e+09,3422398,3.67e+07,72389.05,6.63834,6.227564
30nov1944,7.80e+08,3.10e+07,4.29e+07,361561.4,3.226952,4.776506
30dec1944,2.06e+09,7902350,4.09e+07,195486.4,5.562042,5.343752
31jan1945,2.81e+09,3253062,3.97e+07,54516.13,6.761015,6.589368
28feb1945,2.47e+09,1.11e+07,4.33e+07,192008.5,5.407521,5.419424
31mar1945,6.52e+07,1.08e+07,4.17e+07,138464.4,1.796301,5.707016
30apr1945,1.20e+09,3729140,4.35e+07,57010.45,5.773078,6.636165
31may1945,3.58e+09,1.78e+07,4.82e+07,273159.3,5.30092,5.173166
30jun1945,1.85e+09,8724928,4.56e+07,137180.2,5.355013,5.806209
31jul1945,2.67e+09,3505071,4.33e+07,90642.76,6.637043,6.168335
31aug1945,2.93e+09,1.14e+07,4.73e+07,213077.2,5.549856,5.402276
29sep1945,2.93e+09,8717414,4.86e+07,124094.6,5.81647,5.969804
31oct1945,3.54e+09,3345778,4.99e+07,64089.32,6.964776,6.656628
30nov1945,6.62e+08,2.88e+07,6.11e+07,374320.6,3.133651,5.094814
31dec1945,1.57e+09,7130283,5.61e+07,187874.1,5.39432,5.699724
31jan1946,3.78e+09,3528822,5.79e+07,70010.16,6.977241,6.717877
28feb1946,3.48e+09,1.12e+07,5.57e+07,209583.1,5.73701,5.583492
30mar1946,2.28e+09,8618270,5.79e+07,157127.5,5.579304,5.909624
30apr1946,1.09e+09,5466245,6.04e+07,81443.93,5.294172,6.608645
31may1946,4.93e+09,2.09e+07,6.68e+07,269647.6,5.464386,5.512926
28jun1946,3.00e+09,8769551,6.10e+07,160302.2,5.834776,5.942136
31jul1946,4.34e+09,8248409,5.90e+07,155819.6,6.265777,5.937069
30aug1946,3.73e+09,1.48e+07,5.67e+07,304588,5.527513,5.225824
30sep1946,3.74e+09,9072959,4.95e+07,157703.8,6.022783,5.749083
31oct1946,3.29e+09,4416094,4.88e+07,100510.8,6.614007,6.185069
30nov1946,1.51e+09,3.15e+07,5.56e+07,360739.8,3.869194,5.038543
31dec1946,3.26e+09,1.13e+07,5.46e+07,316907.1,5.66085,5.149914
31jan1947,3.34e+09,6201419,5.15e+07,105495,6.288975,6.191412
28feb1947,1.74e+09,1.29e+07,5.21e+07,280184.6,4.905963,5.225395
31mar1947,3.57e+09,1.02e+07,5.02e+07,187280.5,5.855411,5.591257
30apr1947,3.44e+09,5553053,4.69e+07,106734.2,6.42828,6.085923
29may1947,3.09e+09,2.43e+07,4.68e+07,340824.6,4.847635,4.9223
30jun1947,2.42e+09,1.03e+07,4.98e+07,199573.7,5.463676,5.52019
31jul1947,1.73e+09,5689338,5.08e+07,112885,5.715955,6.108722
29aug1947,2.56e+09,1.35e+07,5.11e+07,283779.4,5.244957,5.194295
30sep1947,1.92e+09,1.09e+07,5.17e+07,239971.8,5.165239,5.373512
31oct1947,1.68e+09,4556103,5.08e+07,114968.7,5.909148,6.091332
29nov1947,-1.57e+08,4.31e+07,5.76e+07,593813.5,,4.574912
31dec1947,3.88e+09,1.22e+07,5.47e+07,362278,5.764124,5.016956
31jan1948,-4.19e+07,4380726,4.92e+07,125388.3,,5.972738
28feb1948,1.36e+09,1.28e+07,4.83e+07,313853.6,4.668236,5.03662
31mar1948,3.38e+09,1.20e+07,5.07e+07,240103.5,5.640539,5.352726
30apr1948,3.51e+09,9602280,5.46e+07,125477.3,5.900169,6.076467
28may1948,3.53e+09,1.60e+07,5.82e+07,340046.6,5.399011,5.142797
30jun1948,1.56e+09,1.17e+07,5.72e+07,262181,4.89404,5.385671
30jul1948,3.38e+09,4120285,5.25e+07,89725.33,6.709851,6.371233
31aug1948,3.04e+09,1.46e+07,5.50e+07,371192.1,5.342811,4.997643
30sep1948,2.95e+09,1.20e+07,5.25e+07,247045.1,5.505727,5.359793
30oct1948,1.52e+09,9509379,5.66e+07,164579.1,5.076908,5.840584
30nov1948,1.41e+09,3.11e+07,5.67e+07,581792.2,3.816159,4.579937
31dec1948,2.94e+09,1.22e+07,5.38e+07,409162.2,5.488418,4.878105
31jan1949,3.06e+09,4270574,4.93e+07,107701.4,6.574091,6.126833
28feb1949,2.84e+09,1.45e+07,4.92e+07,373917.4,5.27997,4.879976
31mar1949,3.27e+09,1.37e+07,4.99e+07,276035.7,5.472954,5.19713
30apr1949,2.16e+09,1.26e+07,5.02e+07,173601.1,5.146906,5.666623
31may1949,2.89e+09,1.44e+07,4.79e+07,359023.1,5.300478,4.89312
30jun1949,1.50e+09,1.46e+07,4.69e+07,287387.5,4.636854,5.094299
29jul1949,2.63e+09,3456877,4.90e+07,109738.2,6.633534,6.101387
31aug1949,3.01e+09,1.45e+07,5.17e+07,406584.2,5.338155,4.844793
30sep1949,3.06e+09,1.04e+07,5.35e+07,225956.1,5.685571,5.466278
31oct1949,3.29e+09,4168435,5.39e+07,120684.2,6.670397,6.101254
30nov1949,1.30e+09,5.10e+07,6.20e+07,767846.1,3.24141,4.390818
31dec1949,1.70e+09,1.19e+07,6.36e+07,402807.1,4.96151,5.061762
31jan1950,3.54e+09,4655957,5.83e+07,174543.7,6.633508,5.811454
28feb1950,3.55e+09,1.92e+07,5.95e+07,427732.3,5.219527,4.934472
31mar1950,3.69e+09,1.32e+07,6.09e+07,291249.7,5.636039,5.34234
29apr1950,3.29e+09,7580318,6.16e+07,131856.1,6.073809,6.14746
31may1950,3.80e+09,2.13e+07,6.51e+07,472452.2,5.183499,4.9259
30jun1950,3.54e+09,1.27e+07,5.99e+07,288347.1,5.628744,5.336851
31jul1950,3.36e+09,3896302,6.08e+07,103421.2,6.760752,6.376705
31aug1950,3.28e+09,2.65e+07,6.88e+07,658160.9,4.81922,4.650117
29sep1950,3.38e+09,1.17e+07,6.84e+07,284725.5,5.670265,5.481122
31oct1950,3.61e+09,4933081,6.73e+07,134461.9,6.595573,6.215495
30nov1950,4.06e+09,5.09e+07,8.83e+07,1156755,4.379304,4.334908
30dec1950,3.77e+09,1.26e+07,8.12e+07,468124.1,5.699207,5.155832
31jan1951,4.05e+09,5594968,7.65e+07,181256.7,6.58392,6.045138
28feb1951,3.14e+09,2.14e+07,7.85e+07,531197.7,4.988376,4.995504
31mar1951,1.95e+09,1.30e+07,7.65e+07,336389,5.00712,5.427429
30apr1951,4.17e+09,5547135,8.05e+07,136798.4,6.623225,6.377943
31may1951,4.56e+09,2.49e+07,8.14e+07,616596.6,5.208987,4.882627
29jun1951,3.61e+09,1.41e+07,7.56e+07,305016.6,5.546931,5.513233
31jul1951,3.73e+09,5152083,8.11e+07,129523.2,6.584074,6.438998
31aug1951,3.85e+09,2.17e+07,9.02e+07,692563.6,5.177202,4.869295
28sep1951,3.42e+09,1.31e+07,8.58e+07,279345.1,5.566169,5.727515
31oct1951,3.31e+09,5562347,8.48e+07,200787.8,6.389894,6.04611
30nov1951,4.61e+09,3.66e+07,1.00e+08,898425.5,4.836019,4.712558
31dec1951,3.99e+09,1.03e+07,9.34e+07,409424.3,5.957107,5.429463
31jan1952,3.59e+09,4480734,8.78e+07,153110.5,6.686637,6.351129
29feb1952,3.52e+09,1.97e+07,9.15e+07,662492.8,5.18461,4.928362
31mar1952,3.64e+09,1.26e+07,8.91e+07,319595.8,5.663411,5.63031
30apr1952,3.25e+09,4956159,8.35e+07,161364.8,6.484686,6.248846
29may1952,3.95e+09,1.98e+07,9.38e+07,663238.8,5.295736,4.951472
30jun1952,3.71e+09,1.28e+07,9.01e+07,327088.8,5.666287,5.61818
31jul1952,3.68e+09,5088824,9.13e+07,145776.5,6.58358,6.439694
29aug1952,3.81e+09,2.11e+07,9.74e+07,734245.1,5.19447,4.88743
30sep1952,3.18e+09,1.36e+07,8.89e+07,345341,5.453392,5.550347
31oct1952,3.45e+09,5904438,8.84e+07,180327.7,6.369234,6.194337
28nov1952,5.04e+09,3.35e+07,1.10e+08,873541.9,5.014384,4.835438
31dec1952,3.70e+09,9039848,9.96e+07,451684.1,6.015556,5.3956
30jan1953,3.50e+09,3796909,9.43e+07,125367.6,6.826709,6.622671
27feb1953,4.12e+09,2.08e+07,9.83e+07,725043.6,5.289378,4.910033
31mar1953,3.59e+09,1.23e+07,9.19e+07,334084.9,5.675095,5.616844
30apr1953,3.42e+09,4987017,8.94e+07,157899.8,6.530824,6.339128
29may1953,3.84e+09,2.04e+07,9.51e+07,692238,5.237251,4.92243
30jun1953,2.15e+09,1.13e+07,8.79e+07,324517.9,5.249562,5.60169
31jul1953,3.35e+09,5544150,9.00e+07,152148.1,6.405019,6.382708
31aug1953,3.91e+09,2.11e+07,9.04e+07,694471.4,5.224236,4.868409
30sep1953,3.03e+09,1.20e+07,8.67e+07,336290.2,5.535071,5.552631
30oct1953,3.43e+09,5529642,9.06e+07,160382.4,6.429112,6.336243
30nov1953,4.96e+09,3.84e+07,1.09e+08,948824.3,4.86017,4.744061
31dec1953,3.91e+09,1.09e+07,9.72e+07,523634.9,5.886881,5.223428
29jan1954,3.43e+09,4257281,9.67e+07,129538,6.69141,6.614886
26feb1954,3.84e+09,2.11e+07,9.85e+07,731977.5,5.204575,4.902536
31mar1954,4.07e+09,1.23e+07,1.01e+08,335710.7,5.803996,5.710594
30apr1954,4.55e+09,6465009,1.06e+08,165633.1,6.557118,6.46489
28may1954,4.72e+09,2.14e+07,1.10e+08,727544.2,5.397441,5.016772
30jun1954,3.81e+09,1.15e+07,1.14e+08,360326.3,5.806008,5.756147
30jul1954,4.09e+09,7948974,1.17e+08,184757.4,6.243683,6.44875
31aug1954,4.16e+09,2.48e+07,1.17e+08,813921.2,5.124568,4.966732
30sep1954,4.03e+09,1.09e+07,1.20e+08,310091.9,5.914356,5.960843
29oct1954,4.25e+09,6634092,1.20e+08,186364.5,6.462037,6.466483
30nov1954,6.03e+09,3.91e+07,1.48e+08,1114552,5.03859,4.887129
31dec1954,5.24e+09,1.65e+07,1.47e+08,683735.4,5.762067,5.370013
31jan1955,4.96e+09,6579395,1.39e+08,255327.8,6.625287,6.300069
28feb1955,5.94e+09,2.45e+07,1.60e+08,888574.8,5.490672,5.190948
31mar1955,4.89e+09,1.22e+07,1.44e+08,405624.5,5.998251,5.874716
29apr1955,5.46e+09,6234552,1.48e+08,158843.4,6.775875,6.8362
31may1955,4.79e+09,2.43e+07,1.51e+08,885241.4,5.284678,5.139336
30jun1955,5.12e+09,1.37e+07,1.59e+08,401850.6,5.919979,5.978045
29jul1955,3.44e+09,5645595,1.62e+08,192432.5,6.411824,6.735925
31aug1955,5.59e+09,2.58e+07,1.64e+08,978838.5,5.378884,5.122188
30sep1955,5.29e+09,1.09e+07,1.63e+08,358935.6,6.18035,6.11897
31oct1955,5.17e+09,5629592,1.58e+08,202927.7,6.823068,6.655816
30nov1955,6.88e+09,4.53e+07,2.08e+08,1468890,5.024426,4.953672
30dec1955,5.95e+09,9485650,1.79e+08,554983.2,6.440983,5.774543
31jan1956,5.62e+09,7706098,1.66e+08,266628.4,6.591556,6.432474
29feb1956,6.01e+09,1.88e+07,1.75e+08,879538.9,5.767047,5.292587
29mar1956,5.62e+09,1.22e+07,1.85e+08,424845.3,6.131181,6.075583
30apr1956,6.07e+09,6262075,1.87e+08,245008.5,6.877385,6.635954
31may1956,6.25e+09,2.02e+07,1.82e+08,1062750,5.733385,5.142833
29jun1956,5.33e+09,1.58e+07,1.82e+08,687966.5,5.82097,5.580522
31jul1956,5.52e+09,5906527,1.93e+08,294239.8,6.840616,6.484288
31aug1956,5.36e+09,1.89e+07,1.89e+08,1076061,5.649682,5.165948
28sep1956,4.47e+09,1.25e+07,1.78e+08,420212.1,5.876412,6.0474
31oct1956,5.03e+09,6754413,1.83e+08,319627.3,6.612912,6.348411
30nov1956,6.20e+09,3.39e+07,2.02e+08,1347537,5.208119,5.012362
31dec1956,5.30e+09,9515102,1.92e+08,591716.8,6.323514,5.784414
31jan1957,5.10e+09,7508124,1.80e+08,338724.8,6.52104,6.272749
28feb1957,4.89e+09,1.86e+07,1.80e+08,1034604,5.56959,5.156625
29mar1957,5.05e+09,1.22e+07,1.82e+08,470378.1,6.022366,5.955755
30apr1957,5.28e+09,6079824,1.88e+08,320782.1,6.767321,6.373743
31may1957,6.30e+09,3.77e+07,2.04e+08,1168371,5.11803,5.163033
28jun1957,5.34e+09,1.45e+07,1.97e+08,539245.4,5.912684,5.90164
31jul1957,5.15e+09,6307809,1.96e+08,335016.8,6.704557,6.373622
30aug1957,4.98e+09,1.91e+07,1.89e+08,1039341,5.565414,5.200878
30sep1957,4.78e+09,1.11e+07,1.78e+08,437322.8,6.06262,6.009541
31oct1957,4.63e+09,7419305,1.74e+08,323628.6,6.436164,6.285804
29nov1957,6.26e+09,3.55e+07,2.06e+08,1273558,5.171392,5.084981
31dec1957,4.85e+09,1.07e+07,1.72e+08,625301.5,6.111871,5.617568
31jan1958,4.71e+09,8791796,1.73e+08,353551.1,6.283799,6.190516
28feb1958,4.66e+09,1.92e+07,1.70e+08,1071925,5.491531,5.068758
31mar1958,4.90e+09,1.24e+07,1.77e+08,486106.5,5.979805,5.897573
30apr1958,4.65e+09,5931431,1.81e+08,285761.5,6.663285,6.450744
29may1958,4.67e+09,2.00e+07,1.85e+08,1090295,5.452523,5.135972
30jun1958,5.36e+09,1.35e+07,1.93e+08,495741.9,5.983493,5.96313
31jul1958,5.44e+09,7582084,1.96e+08,488414.9,6.575476,5.996832
29aug1958,5.03e+09,1.71e+07,2.01e+08,937649.8,5.685832,5.369204
30sep1958,5.79e+09,1.27e+07,2.11e+08,497395.5,6.124835,6.050964
31oct1958,6.06e+09,7727078,2.19e+08,353780.6,6.665055,6.427089
28nov1958,7.74e+09,3.30e+07,2.46e+08,1204157,5.458086,5.320305
31dec1958,7.09e+09,9937837,2.47e+08,570368.7,6.569439,6.070631
30jan1959,6.38e+09,6569652,2.36e+08,301134.7,6.87893,6.664388
27feb1959,6.63e+09,1.89e+07,2.42e+08,1062033,5.862327,5.428525
31mar1959,6.64e+09,1.25e+07,2.41e+08,520111.2,6.277021,6.139908
30apr1959,6.97e+09,6203331,2.45e+08,268226.5,7.023866,6.818832
29may1959,7.63e+09,1.98e+07,2.64e+08,1203947,5.954769,5.391527
30jun1959,6.72e+09,1.33e+07,2.55e+08,533032,6.223164,6.171404
31jul1959,6.61e+09,6075736,2.58e+08,276385.8,6.992197,6.840618
31aug1959,6.48e+09,1.68e+07,2.56e+08,1070538,5.953084,5.4786
30sep1959,6.07e+09,1.27e+07,2.50e+08,513801.3,6.170906,6.185681
30oct1959,6.19e+09,6760149,2.47e+08,324221.6,6.82024,6.634058
30nov1959,8.23e+09,3.94e+07,2.94e+08,1337119,5.341186,5.39169
31dec1959,6.91e+09,1.02e+07,2.75e+08,642240.1,6.522377,6.061244
29jan1960,6.13e+09,5983288,2.46e+08,294291,6.93231,6.726779
29feb1960,5.71e+09,1.80e+07,2.55e+08,1326460,5.760539,5.258717
31mar1960,5.69e+09,1.14e+07,2.45e+08,547141.5,6.215693,6.106343
29apr1960,5.67e+09,5574261,2.36e+08,273469.5,6.924772,6.761693
31may1960,6.16e+09,2.15e+07,2.52e+08,1328831,5.655603,5.24535
30jun1960,6.26e+09,1.15e+07,2.54e+08,556518.3,6.295972,6.122857
29jul1960,5.80e+09,5790494,2.43e+08,267046.5,6.90998,6.813495
31aug1960,6.12e+09,1.86e+07,2.54e+08,1287322,5.793155,5.284946
30sep1960,5.79e+09,1.02e+07,2.41e+08,448239,6.338078,6.288077
31oct1960,5.72e+09,7997150,2.38e+08,555455.9,6.573431,6.059142
30nov1960,6.94e+09,2.62e+07,2.78e+08,1467362,5.578193,5.245712
30dec1960,6.62e+09,8504416,2.64e+08,520017.8,6.657673,6.23013
31jan1961,6.84e+09,6363396,2.76e+08,420728.3,6.98059,6.485968
28feb1961,7.12e+09,1.78e+07,2.85e+08,1182163,5.992499,5.483768
30mar1961,7.32e+09,1.13e+07,2.93e+08,554905.9,6.471683,6.26828
28apr1961,7.32e+09,4427818,2.94e+08,244511.2,7.410303,7.09189
31may1961,7.85e+09,2.04e+07,3.18e+08,1411030,5.952161,5.41659
30jun1961,6.69e+09,1.22e+07,2.94e+08,551998.3,6.309508,6.279467
31jul1961,6.50e+09,3940080,2.97e+08,253083.9,7.408134,7.066347
31aug1961,6.97e+09,1.91e+07,3.16e+08,1365913,5.89923,5.44358
29sep1961,6.75e+09,1.07e+07,3.06e+08,624953.4,6.442148,6.194234
31oct1961,7.16e+09,8414304,3.23e+08,819279.8,6.745765,5.977561
30nov1961,7.92e+09,2.67e+07,3.59e+08,1621686,5.691364,5.399212
29dec1961,7.16e+09,7979223,3.30e+08,644957.2,6.799241,6.237691
31jan1962,6.73e+09,6812332,3.15e+08,503044.9,6.895166,6.439061
28feb1962,6.99e+09,1.70e+07,3.21e+08,1206179,6.020312,5.582634
30mar1962,6.83e+09,1.07e+07,3.18e+08,513436.2,6.463709,6.428108
30apr1962,6.27e+09,4482373,2.95e+08,366974.4,7.243166,6.690371
31may1962,5.57e+09,2.20e+07,2.74e+08,1553029,5.533634,5.173106
29jun1962,5.04e+09,3.04e+07,2.50e+08,1293907,5.111515,5.26204
31jul1962,5.46e+09,5611942,2.83e+08,374677.1,6.879758,6.625384
31aug1962,5.24e+09,1.91e+07,2.89e+08,1449935,5.616828,5.294009
28sep1962,4.81e+09,1.10e+07,2.76e+08,524334.4,6.076272,6.266459
31oct1962,5.26e+09,8956629,2.78e+08,674541.5,6.376318,6.020385
30nov1962,6.31e+09,2.64e+07,3.31e+08,1853118,5.477509,5.184674
31dec1962,6.13e+09,8871885,3.14e+08,604739.6,6.537338,6.253039
31jan1963,6.10e+09,6731033,3.24e+08,476177.9,6.808814,6.523742
28feb1963,6.14e+09,1.95e+07,3.16e+08,1408273,5.752382,5.41328
29mar1963,6.12e+09,1.21e+07,3.26e+08,722751.9,6.230331,6.112425
30apr1963,6.54e+09,5624441,3.40e+08,365182.9,7.058792,6.835056
31may1963,6.64e+09,2.19e+07,3.68e+08,1860563,5.7156,5.286302
28jun1963,6.46e+09,1.15e+07,3.42e+08,533402,6.332873,6.461883
31jul1963,6.35e+09,7234159,3.37e+08,477768.5,6.777758,6.559946
30aug1963,6.79e+09,2.01e+07,3.57e+08,1474224,5.823445,5.489089
30sep1963,6.47e+09,1.08e+07,3.52e+08,551779.3,6.392951,6.457334
31oct1963,7.17e+09,1.01e+07,3.67e+08,582085.2,6.568057,6.446193
29nov1963,7.55e+09,5.12e+07,4.13e+08,3067633,4.994549,4.901397
31dec1963,7.21e+09,9486429,3.68e+08,752091.4,6.633024,6.193365
31jan1964,7.09e+09,7250648,3.73e+08,459638.3,6.885171,6.698543
28feb1964,7.59e+09,2.17e+07,3.81e+08,1626467,5.858861,5.457238
31mar1964,7.41e+09,1.26e+07,3.87e+08,708972,6.375427,6.303409
30apr1964,7.30e+09,7049694,3.86e+08,418784.2,6.942798,6.82746
28may1964,8.13e+09,2.25e+07,4.33e+08,1800404,5.891529,5.482401
30jun1964,6.99e+09,1.24e+07,4.01e+08,732066.3,6.336267,6.305494
31jul1964,7.02e+09,6343896,4.05e+08,427936.1,7.00847,6.853279
31aug1964,6.84e+09,2.12e+07,4.02e+08,1626920,5.774364,5.510791
30sep1964,7.07e+09,1.22e+07,4.16e+08,759525,6.363978,6.305089
30oct1964,7.34e+09,7871156,4.32e+08,547356.4,6.838305,6.671738
30nov1964,8.10e+09,7.16e+07,5.07e+08,4439017,4.728833,4.738465
31dec1964,7.42e+09,1.21e+07,4.32e+08,1097015,6.4175,5.976677
29jan1965,7.44e+09,6446693,4.39e+08,492707.8,7.050864,6.793348
26feb1965,7.30e+09,2.28e+07,4.47e+08,1817324,5.766462,5.505921
31mar1965,6.97e+09,1.12e+07,4.38e+08,840567.5,6.433868,6.254786
30apr1965,7.17e+09,6054626,4.48e+08,485250.7,7.076794,6.827117
28may1965,7.20e+09,2.40e+07,4.76e+08,2140618,5.704467,5.403758
30jun1965,6.77e+09,1.12e+07,4.23e+08,839504,6.407236,6.223054
30jul1965,6.78e+09,5546598,4.26e+08,428885.2,7.108522,6.900602
31aug1965,6.86e+09,2.34e+07,4.45e+08,1920885,5.682479,5.445256
30sep1965,7.11e+09,1.07e+07,4.54e+08,763362.7,6.4976,6.38741
29oct1965,7.61e+09,7363844,4.75e+08,552994.5,6.94008,6.755457
30nov1965,9.32e+09,3.26e+07,5.62e+08,2669924,5.656633,5.348817
31dec1965,7.82e+09,8701176,4.87e+08,871744.9,6.801528,6.325432
31jan1966,7.72e+09,6109907,4.88e+08,494581.9,7.141251,6.895024
28feb1966,8.24e+09,2.49e+07,4.86e+08,2007324,5.803675,5.489983
31mar1966,7.64e+09,1.23e+07,4.72e+08,969528.5,6.434212,6.187176
29apr1966,7.70e+09,6872941,4.80e+08,493988.9,7.021698,6.878274
31may1966,7.62e+09,2.42e+07,5.02e+08,2266722,5.752253,5.400492
30jun1966,6.72e+09,1.49e+07,4.53e+08,1003417,6.109272,6.113098
29jul1966,6.44e+09,5682628,4.46e+08,464345.4,7.032145,6.868454
31aug1966,6.10e+09,2.45e+07,4.12e+08,2224958,5.515728,5.220193
30sep1966,6.02e+09,1.16e+07,4.04e+08,781522.7,6.251807,6.248691
31oct1966,6.27e+09,6685459,4.18e+08,519660.8,6.844056,6.69051
30nov1966,7.37e+09,3.26e+07,4.77e+08,2814629,5.4224,5.132997
30dec1966,6.77e+09,7491756,4.41e+08,887878.3,6.807173,6.207881
31jan1967,7.10e+09,7471364,4.69e+08,720199.2,6.857419,6.478765
28feb1967,7.74e+09,2.33e+07,4.77e+08,2058884,5.806852,5.446028
31mar1967,7.60e+09,1.12e+07,4.89e+08,902076.3,6.516443,6.296399
28apr1967,7.99e+09,6236425,5.09e+08,493795.4,7.155942,6.93744
31may1967,8.90e+09,2.62e+07,5.25e+08,2433998,5.829549,5.37447
30jun1967,7.52e+09,1.05e+07,5.02e+08,839271.9,6.571566,6.394085
31jul1967,7.89e+09,6054711,5.26e+08,505321,7.172985,6.947898
31aug1967,7.79e+09,2.45e+07,5.27e+08,2382459,5.762894,5.399697
29sep1967,8.14e+09,1.03e+07,5.42e+08,774653,6.668281,6.550385
31oct1967,8.21e+09,8785390,5.25e+08,760935.2,6.840624,6.536693
30nov1967,8.78e+09,2.95e+07,5.74e+08,2589550,5.694858,5.400856
29dec1967,8.99e+09,8662953,5.67e+08,894748.1,6.944416,6.45211
31jan1968,7.94e+09,1.02e+07,5.33e+08,1079004,6.655522,6.203024
29feb1968,7.84e+09,2.44e+07,5.18e+08,2235825,5.770704,5.445742
29mar1968,7.79e+09,1.00e+07,5.20e+08,787120.1,6.656279,6.493787
30apr1968,8.74e+09,7973051,5.65e+08,778766.3,6.99995,6.587091
31may1968,8.79e+09,2.55e+07,6.36e+08,2465866,5.843215,5.552322
28jun1968,7.94e+09,9551208,5.92e+08,876958,6.722695,6.514673
30jul1968,7.34e+09,7749429,5.66e+08,700679.4,6.85361,6.695129
30aug1968,7.51e+09,2.45e+07,5.88e+08,2389246,5.724848,5.506474
30sep1968,7.76e+09,7995666,6.09e+08,779511,6.878434,6.660696
31oct1968,7.82e+09,1.19e+07,6.28e+08,1083197,6.49094,6.362003
29nov1968,8.78e+09,2.51e+07,6.83e+08,2428281,5.858971,5.639585
31dec1968,8.37e+09,1.16e+07,6.54e+08,1134976,6.578679,6.357124
31jan1969,7.82e+09,8185217,6.32e+08,841281.3,6.861844,6.621331
28feb1969,7.67e+09,2.40e+07,6.06e+08,2472056,5.769006,5.501825
28mar1969,7.67e+09,9759987,6.22e+08,965130.8,6.666426,6.46876
30apr1969,7.69e+09,8288829,6.28e+08,847926.5,6.833189,6.607364
29may1969,7.77e+09,2.52e+07,6.53e+08,2712315,5.729835,5.48349
30jun1969,7.04e+09,9921794,5.91e+08,1059015,6.564541,6.324721
31jul1969,6.75e+09,7754820,5.43e+08,751568.4,6.768567,6.582853
29aug1969,7.17e+09,2.36e+07,5.85e+08,2499310,5.713822,5.455816
30sep1969,7.14e+09,1.04e+07,5.67e+08,977463.3,6.536549,6.363909
31oct1969,7.72e+09,1.07e+07,5.97e+08,1135158,6.579764,6.265657
28nov1969,8.06e+09,2.67e+07,5.93e+08,2386672,5.710907,5.51574
31dec1969,8.03e+09,1.04e+07,5.81e+08,1174997,6.652979,6.203275
30jan1970,7.10e+09,8343071,5.27e+08,839613.3,6.746767,6.442564
27feb1970,8.20e+09,2.55e+07,5.70e+08,2466179,5.773882,5.443467
31mar1970,7.17e+09,1.09e+07,5.53e+08,1106527,6.492516,6.213619
30apr1970,6.43e+09,8241519,4.89e+08,744425.4,6.659904,6.487993
29may1970,5.57e+09,2.37e+07,4.60e+08,2530133,5.458622,5.202281
30jun1970,5.24e+09,1.14e+07,4.38e+08,1140519,6.133331,5.951612
31jul1970,5.54e+09,1.07e+07,4.66e+08,1107413,6.248595,6.041419
31aug1970,5.78e+09,2.03e+07,4.92e+08,2270487,5.651449,5.378037
30sep1970,6.15e+09,1.15e+07,5.16e+08,1088434,6.282121,6.16181
30oct1970,6.16e+09,1.25e+07,5.05e+08,1221464,6.198448,6.023942
30nov1970,6.92e+09,2.33e+07,5.57e+08,2368588,5.693445,5.460049
31dec1970,6.99e+09,9142983,5.72e+08,1103052,6.639363,6.251725
29jan1971,7.22e+09,7712634,5.92e+08,827456.1,6.842144,6.573106
26feb1971,7.65e+09,2.35e+07,6.12e+08,2481634,5.786728,5.508288
31mar1971,7.89e+09,1.20e+07,6.37e+08,1180718,6.486965,6.290415
30apr1971,8.04e+09,8761554,6.50e+08,745783,6.822313,6.770237
28may1971,7.80e+09,2.35e+07,6.35e+08,2565075,5.806988,5.511254
30jun1971,7.88e+09,1.14e+07,6.45e+08,1183861,6.53675,6.300307
30jul1971,7.49e+09,7822248,6.02e+08,685352.5,6.863826,6.778328
31aug1971,7.78e+09,2.54e+07,6.37e+08,2684245,5.723329,5.469582
30sep1971,7.78e+09,1.07e+07,6.27e+08,1080943,6.584409,6.363607
29oct1971,7.45e+09,9980313,5.99e+08,1078016,6.615325,6.31944
30nov1971,7.80e+09,2.60e+07,6.33e+08,2413875,5.704896,5.56931
31dec1971,8.53e+09,8687478,6.72e+08,1134585,6.888965,6.383374
31jan1972,8.59e+09,8896860,6.86e+08,879252.4,6.873071,6.659945
29feb1972,9.15e+09,2.43e+07,7.18e+08,2574564,5.930915,5.630271
30mar1972,8.91e+09,1.08e+07,7.13e+08,1121362,6.719383,6.455487
28apr1972,9.09e+09,7429525,7.15e+08,639937.6,7.109853,7.018641
31may1972,9.46e+09,2.68e+07,7.46e+08,2909219,5.867507,5.546586
30jun1972,9.11e+09,9743255,7.21e+08,1180316,6.840287,6.415237
31jul1972,9.03e+09,8267444,7.06e+08,763578.2,6.996276,6.829468
31aug1972,9.25e+09,2.44e+07,7.36e+08,2613797,5.937596,5.640886
29sep1972,9.12e+09,1.07e+07,7.34e+08,1173948,6.747356,6.437503
31oct1972,9.12e+09,9207668,7.38e+08,993032.7,6.898182,6.610988
30nov1972,9.91e+09,2.79e+07,8.26e+08,2962095,5.872158,5.631119
29dec1972,8.12e+09,9634682,9.56e+08,1538681,6.736654,6.432267
31jan1973,7.78e+09,1.00e+07,9.22e+08,1222440,6.652143,6.625936
28feb1973,7.65e+09,2.66e+07,8.99e+08,2884375,5.66127,5.741438
30mar1973,7.29e+09,2.03e+07,8.80e+08,1699196,5.882419,6.250288
30apr1973,7.12e+09,1.05e+07,8.33e+08,1149584,6.516607,6.58552
31may1973,7.39e+09,2.79e+07,8.77e+08,3328294,5.57848,5.57384
29jun1973,6.29e+09,1.26e+07,8.03e+08,1728252,6.211382,6.141478
31jul1973,6.63e+09,1.03e+07,8.46e+08,1126849,6.469545,6.6212
31aug1973,6.27e+09,4.72e+07,8.50e+08,3683516,4.889822,5.441483
28sep1973,6.24e+09,1.05e+07,8.60e+08,1429611,6.391362,6.399295
31oct1973,6.59e+09,1.23e+07,8.67e+08,1527475,6.287089,6.340878
30nov1973,6.33e+09,3.22e+07,8.05e+08,3556028,5.279507,5.422083
31dec1973,5.94e+09,9841048,7.57e+08,1719351,6.403596,6.088065
31jan1974,5.59e+09,1.05e+07,7.61e+08,1385459,6.275655,6.30896
28feb1974,5.66e+09,2.64e+07,7.61e+08,3205998,5.366204,5.469879
29mar1974,5.29e+09,2.18e+07,7.38e+08,1828857,5.492502,6.000339
30apr1974,5.20e+09,1.07e+07,7.00e+08,1539302,6.185378,6.120363
31may1974,5.07e+09,2.92e+07,6.70e+08,3389765,5.157169,5.285989
28jun1974,5.09e+09,1.36e+07,6.48e+08,1938284,5.927342,5.812644
31jul1974,4.51e+09,9987853,6.02e+08,1304467,6.112483,6.134338
30aug1974,3.98e+09,3.20e+07,5.48e+08,3585958,4.823307,5.02895
30sep1974,3.43e+09,1.19e+07,4.86e+08,1708848,5.667284,5.650269
31oct1974,4.28e+09,1.25e+07,5.67e+08,1546367,5.840756,5.904713
29nov1974,4.20e+09,3.53e+07,5.62e+08,3491997,4.778376,5.081378
31dec1974,3.94e+09,1.08e+07,5.26e+08,2020792,5.894606,5.561931
31jan1975,4.36e+09,9466133,5.91e+08,1065712,6.132133,6.317583
28feb1975,4.93e+09,3.06e+07,6.36e+08,3592777,5.081933,5.176335
31mar1975,4.91e+09,1.58e+07,6.49e+08,2150235,5.742359,5.710399
30apr1975,5.14e+09,1.07e+07,6.73e+08,1464461,6.169527,6.130549
30may1975,5.43e+09,3.19e+07,7.11e+08,3436782,5.135695,5.332021
30jun1975,5.66e+09,1.60e+07,7.47e+08,2266769,5.871878,5.797503
31jul1975,5.19e+09,1.09e+07,6.97e+08,1456396,6.162578,6.171135
29aug1975,4.91e+09,3.11e+07,6.82e+08,3279108,5.062803,5.337043
30sep1975,4.68e+09,1.48e+07,6.54e+08,2115621,5.759985,5.733897
31oct1975,5.15e+09,1.77e+07,6.85e+08,1778165,5.672424,5.954251
28nov1975,5.48e+09,3.28e+07,7.31e+08,3201015,5.119379,5.43118
31dec1975,5.18e+09,1.14e+07,7.00e+08,2122293,6.11764,5.797946
30jan1976,5.70e+09,8851702,7.81e+08,1342063,6.467275,6.366385
27feb1976,5.60e+09,3.33e+07,7.93e+08,3643330,5.12459,5.383078
31mar1976,5.55e+09,1.77e+07,7.99e+08,2306588,5.749397,5.848051
30apr1976,5.48e+09,8661976,7.92e+08,1059661,6.449695,6.617122
28may1976,5.54e+09,3.74e+07,8.03e+08,4385637,4.999967,5.209823
30jun1976,5.77e+09,1.72e+07,8.25e+08,2187237,5.817322,5.933323
30jul1976,5.30e+09,9527489,8.13e+08,1239205,6.321778,6.486807
31aug1976,5.27e+09,3.43e+07,8.01e+08,4283977,5.034517,5.231185
30sep1976,5.34e+09,2.59e+07,8.25e+08,2363492,5.327868,5.854757
29oct1976,5.22e+09,1.27e+07,8.04e+08,1586790,6.02298,6.22797
30nov1976,5.39e+09,3.80e+07,8.42e+08,4851541,4.954942,5.157055
31dec1976,5.39e+09,1.09e+07,8.61e+08,2056381,6.20118,6.036755
31jan1977,4.89e+09,1.18e+07,8.26e+08,1517042,6.023602,6.300366
28feb1977,5.00e+09,3.24e+07,8.26e+08,4382702,5.038909,5.238681
31mar1977,5.16e+09,1.84e+07,7.97e+08,2377638,5.635099,5.815321
29apr1977,5.13e+09,1.03e+07,7.96e+08,1240507,6.207188,6.464037
31may1977,5.05e+09,4.00e+07,8.07e+08,5419212,4.837663,5.003959
30jun1977,5.23e+09,1.53e+07,8.32e+08,2849316,5.833364,5.677353
29jul1977,4.96e+09,1.03e+07,8.12e+08,1204606,6.174739,6.513879
31aug1977,4.94e+09,3.66e+07,8.05e+08,5080351,4.904652,5.065994
30sep1977,4.83e+09,1.59e+07,8.07e+08,2382862,5.713958,5.825466
31oct1977,4.56e+09,1.30e+07,7.76e+08,1645810,5.860244,6.155716
30nov1977,5.12e+09,4.12e+07,8.41e+08,5658744,4.824134,5.001933
30dec1977,5.06e+09,1.27e+07,8.08e+08,2463928,5.988591,5.793291
31jan1978,4.63e+09,1.22e+07,7.62e+08,1662379,5.936198,6.127423
28feb1978,4.51e+09,3.69e+07,7.55e+08,4923174,4.808019,5.03333
31mar1978,4.54e+09,1.85e+07,7.71e+08,2733199,5.504765,5.642611
28apr1978,5.07e+09,1.09e+07,8.27e+08,1320144,6.137895,6.44049
31may1978,5.13e+09,4.34e+07,8.68e+08,5975132,4.772811,4.979136
30jun1978,4.96e+09,1.81e+07,8.38e+08,2899564,5.615135,5.666124
31jul1978,5.36e+09,1.24e+07,8.82e+08,1662428,6.069495,6.274096
31aug1978,5.52e+09,3.94e+07,9.22e+08,5273615,4.943622,5.163888
29sep1978,5.35e+09,1.71e+07,9.18e+08,2674290,5.743644,5.838668
31oct1978,4.91e+09,1.63e+07,8.19e+08,2571282,5.705222,5.763857
30nov1978,5.23e+09,4.42e+07,8.64e+08,5568767,4.774434,5.043875
29dec1978,4.47e+09,2.19e+07,8.69e+08,2877450,5.318324,5.710391
31jan1979,4.59e+09,1.47e+07,9.02e+08,2274864,5.741473,5.982934
28feb1979,4.30e+09,4.06e+07,8.73e+08,5339303,4.663103,5.09723
30mar1979,4.52e+09,2.10e+07,9.24e+08,2981005,5.371593,5.736235
30apr1979,4.70e+09,1.55e+07,9.23e+08,2318775,5.713796,5.986618
31may1979,4.60e+09,4.79e+07,9.25e+08,6657273,4.564554,4.934387
29jun1979,4.69e+09,2.08e+07,9.40e+08,3262711,5.417104,5.663773
31jul1979,4.69e+09,1.48e+07,9.40e+08,2235505,5.756534,6.041878
31aug1979,5.05e+09,4.12e+07,1.01e+09,6316503,4.807709,5.072892
28sep1979,4.89e+09,2.28e+07,1.00e+09,3004894,5.367027,5.810798
31oct1979,4.66e+09,1.93e+07,9.29e+08,3032578,5.486813,5.725188
30nov1979,5.02e+09,4.32e+07,1.01e+09,6618847,4.756046,5.029595
31dec1979,5.01e+09,1.80e+07,1.02e+09,3395165,5.62631,5.703011
31jan1980,5.30e+09,1.83e+07,1.08e+09,3031329,5.67082,5.873804
29feb1980,5.20e+09,4.03e+07,1.07e+09,6266963,4.860101,5.143575
31mar1980,4.80e+09,2.34e+07,9.32e+08,3740857,5.325853,5.518482
30apr1980,5.01e+09,1.62e+07,9.78e+08,2554968,5.736124,5.947255
30may1980,5.17e+09,4.39e+07,1.05e+09,6929977,4.769445,5.023345
30jun1980,5.20e+09,2.25e+07,1.09e+09,4253071,5.443552,5.549393
31jul1980,5.66e+09,2.03e+07,1.14e+09,3222795,5.630592,5.871521
29aug1980,5.61e+09,4.27e+07,1.18e+09,6500148,4.878426,5.200014
30sep1980,5.66e+09,2.21e+07,1.22e+09,3753989,5.546559,5.787233
31oct1980,5.82e+09,2.08e+07,1.25e+09,3771258,5.635074,5.800926
28nov1980,6.80e+09,4.39e+07,1.40e+09,8048247,5.043466,5.156953
31dec1980,6.09e+09,2.04e+07,1.33e+09,4166816,5.696026,5.76648
30jan1981,5.73e+09,1.36e+07,1.27e+09,2656335,6.039518,6.171915
27feb1981,5.98e+09,4.82e+07,1.28e+09,7715307,4.820616,5.113309
31mar1981,6.18e+09,2.58e+07,1.34e+09,4434670,5.479555,5.71084
30apr1981,5.93e+09,1.42e+07,1.32e+09,2441767,6.038725,6.290559
29may1981,5.77e+09,4.78e+07,1.34e+09,8254059,4.793646,5.093222
30jun1981,5.20e+09,2.69e+07,1.33e+09,4528903,5.266085,5.678766
31jul1981,4.89e+09,1.55e+07,1.31e+09,2788782,5.754976,6.152075
31aug1981,4.61e+09,4.48e+07,1.23e+09,7808369,4.63349,5.062505
30sep1981,4.62e+09,2.07e+07,1.14e+09,3849483,5.408933,5.690157
30oct1981,5.05e+09,2.00e+07,1.17e+09,3705518,5.531483,5.756636
30nov1981,5.44e+09,4.04e+07,1.25e+09,7011352,4.904409,5.185461
31dec1981,5.04e+09,2.13e+07,1.20e+09,4930629,5.466015,5.492151
29jan1982,5.05e+09,1.47e+07,1.17e+09,2474807,5.841626,6.154684
26feb1982,4.73e+09,4.12e+07,1.10e+09,7897569,4.744055,4.937432
31mar1982,4.77e+09,2.56e+07,1.07e+09,4430991,5.226861,5.484292
30apr1982,5.15e+09,1.22e+07,1.10e+09,2066728,6.048162,6.281614
28may1982,4.93e+09,5.03e+07,1.07e+09,8468431,4.585382,4.839067
30jun1982,5.00e+09,2.01e+07,1.05e+09,3922457,5.515488,5.587797
30jul1982,4.82e+09,1.52e+07,1.00e+09,2340267,5.758939,6.061792
31aug1982,5.49e+09,4.50e+07,1.12e+09,8380405,4.805395,4.899624
30sep1982,5.58e+09,2.10e+07,1.14e+09,3723106,5.580784,5.726558
29oct1982,7.49e+09,1.83e+07,1.27e+09,3088918,6.015489,6.019815
30nov1982,7.94e+09,4.77e+07,1.36e+09,8011811,5.114216,5.132684
31dec1982,7.92e+09,1.68e+07,1.39e+09,3729649,6.158934,5.917877
31jan1983,8.18e+09,1.99e+07,1.42e+09,3390426,6.019805,6.034953
28feb1983,8.61e+09,4.08e+07,1.45e+09,7579347,5.351615,5.255547
31mar1983,8.77e+09,2.51e+07,1.51e+09,4415055,5.854368,5.834015
29apr1983,9.37e+09,1.27e+07,1.61e+09,2188376,6.603881,6.602448
31may1983,9.42e+09,4.83e+07,1.65e+09,8698435,5.272626,5.242898
30jun1983,9.48e+09,2.26e+07,1.78e+09,4180417,6.038439,6.051356
29jul1983,8.63e+09,1.48e+07,1.67e+09,2679118,6.366077,6.437296
31aug1983,8.48e+09,4.57e+07,1.68e+09,8811239,5.224112,5.247828
30sep1983,8.54e+09,2.26e+07,1.71e+09,4286534,5.93521,5.990169
31oct1983,8.27e+09,2.00e+07,1.65e+09,3589499,6.022468,6.132409
30nov1983,8.47e+09,4.61e+07,1.72e+09,8913908,5.213312,5.264588
30dec1983,8.45e+09,2.02e+07,1.70e+09,4783436,6.036175,5.875542
31jan1984,8.25e+09,2.25e+07,1.66e+09,4405099,5.904454,5.934618
29feb1984,8.37e+09,5.29e+07,1.65e+09,1.88e+07,5.064413,4.470852
30mar1984,8.43e+09,3.58e+07,1.64e+09,5447052,5.461662,5.709418
30apr1984,8.54e+09,1.60e+07,1.64e+09,2885751,6.277061,6.342946
31may1984,8.02e+09,4.46e+07,1.54e+09,8886533,5.190593,5.153343
29jun1984,8.06e+09,3.26e+07,1.55e+09,6086182,5.508727,5.542348
31jul1984,7.96e+09,2.32e+07,1.50e+09,3272295,5.839452,6.130248
31aug1984,8.77e+09,4.23e+07,1.67e+09,8893100,5.335264,5.23315
28sep1984,8.58e+09,2.76e+07,1.67e+09,5042221,5.739239,5.800231
31oct1984,8.75e+09,2.26e+07,1.65e+09,4708443,5.958256,5.858713
30nov1984,8.68e+09,4.13e+07,1.65e+09,7717021,5.34672,5.362963
31dec1984,8.98e+09,2.81e+07,1.63e+09,5567336,5.765152,5.682249
31jan1985,9.67e+09,2.05e+07,1.76e+09,4082377,6.158465,6.066751
28feb1985,9.72e+09,3.91e+07,1.78e+09,8581667,5.516041,5.335116
29mar1985,9.83e+09,3.00e+07,1.77e+09,5522167,5.791201,5.768151
30apr1985,9.83e+09,1.73e+07,1.76e+09,3181668,6.343589,6.316503
31may1985,1.04e+10,5.86e+07,1.86e+09,1.68e+07,5.181343,4.703261
28jun1985,1.04e+10,3.28e+07,1.87e+09,5856397,5.759842,5.76376
31jul1985,1.03e+10,2.18e+07,1.86e+09,4875080,6.161203,5.945397
30aug1985,1.02e+10,4.37e+07,1.85e+09,9680815,5.455235,5.251334
30sep1985,9.78e+09,2.80e+07,1.76e+09,5264815,5.856127,5.812398
31oct1985,1.01e+10,2.26e+07,1.84e+09,4951193,6.100477,5.918315
29nov1985,1.10e+10,4.89e+07,1.96e+09,8479884,5.41634,5.444088
31dec1985,1.16e+10,3.14e+07,2.04e+09,7015386,5.909064,5.674735
31jan1986,1.16e+10,1.96e+07,2.05e+09,4168095,6.380616,6.196346
28feb1986,1.24e+10,4.10e+07,2.18e+09,9132592,5.715869,5.475651
31mar1986,1.34e+10,3.16e+07,2.31e+09,7243143,6.048056,5.764194
30apr1986,1.33e+10,2.77e+07,2.27e+09,4785005,6.172843,6.161188
30may1986,1.35e+10,5.76e+07,2.40e+09,1.11e+07,5.458622,5.380736
30jun1986,1.33e+10,2.68e+07,2.44e+09,6173619,6.210231,5.978095
31jul1986,1.18e+10,2.35e+07,2.28e+09,4710081,6.21987,6.182945
29aug1986,1.26e+10,3.76e+07,2.43e+09,8585693,5.814487,5.646141
30sep1986,1.14e+10,2.31e+07,2.23e+09,5631481,6.195211,5.981082
31oct1986,1.21e+10,2.03e+07,2.34e+09,6761148,6.386713,5.844733
28nov1986,1.23e+10,4.37e+07,2.37e+09,1.15e+07,5.643119,5.329856
31dec1986,1.20e+10,2.42e+07,2.28e+09,6262916,6.207923,5.896678
30jan1987,1.38e+10,1.87e+07,2.57e+09,4860048,6.597911,6.271645
27feb1987,1.47e+10,3.75e+07,2.70e+09,8926196,5.966884,5.711225
31mar1987,1.49e+10,2.62e+07,2.76e+09,6858300,6.346618,5.997241
30apr1987,1.49e+10,1.76e+07,2.70e+09,5622827,6.738801,6.173507
29may1987,1.47e+10,4.61e+07,2.73e+09,9881627,5.767466,5.622006
30jun1987,1.47e+10,2.41e+07,2.85e+09,6601230,6.410995,6.06948
31jul1987,1.42e+10,1.81e+07,2.94e+09,6022015,6.666405,6.190141
31aug1987,1.52e+10,4.18e+07,3.05e+09,1.01e+07,5.895033,5.714394
30sep1987,1.43e+10,2.27e+07,2.98e+09,7422716,6.445324,5.995454
30oct1987,1.09e+10,1.75e+07,2.29e+09,6210418,6.432329,5.911012
30nov1987,9.94e+09,4.07e+07,2.12e+09,1.04e+07,5.49871,5.322569
31dec1987,1.08e+10,2.23e+07,2.28e+09,6482108,6.182746,5.863078
29jan1988,1.09e+10,2.10e+07,2.37e+09,6787125,6.253689,5.854302
29feb1988,1.15e+10,4.59e+07,2.47e+09,1.10e+07,5.525931,5.409462
31mar1988,1.12e+10,2.30e+07,2.42e+09,7073560,6.190601,5.835464
29apr1988,1.12e+10,1.56e+07,2.44e+09,4506236,6.578462,6.293527
31may1988,1.09e+10,4.72e+07,2.44e+09,1.13e+07,5.44016,5.374848
30jun1988,1.15e+10,2.34e+07,2.53e+09,6864220,6.19529,5.910509
29jul1988,1.13e+10,1.98e+07,2.51e+09,7520325,6.340607,5.811731
31aug1988,1.08e+10,4.19e+07,2.44e+09,1.18e+07,5.551187,5.332272
30sep1988,1.13e+10,2.38e+07,2.50e+09,6650746,6.162941,5.929327
31oct1988,1.13e+10,4.36e+07,2.53e+09,7024623,5.559165,5.888234
30nov1988,1.10e+10,5.06e+07,2.49e+09,1.43e+07,5.380764,5.164196
30dec1988,1.13e+10,3.18e+07,2.51e+09,1.05e+07,5.869617,5.470236
31jan1989,1.18e+10,3.68e+07,2.65e+09,1.31e+07,5.770037,5.307446
28feb1989,1.15e+10,6.44e+07,2.61e+09,3.86e+07,5.183146,4.214503
31mar1989,1.16e+10,2.55e+07,2.63e+09,7997873,6.121171,5.793858
28apr1989,1.22e+10,2.33e+07,2.74e+09,8605340,6.259437,5.764042
31may1989,1.28e+10,4.98e+07,2.86e+09,1.47e+07,5.551139,5.268844
30jun1989,1.23e+10,4.94e+07,2.78e+09,7863690,5.518861,5.869719
31jul1989,1.31e+10,3.05e+07,2.99e+09,1.09e+07,6.060643,5.61317
31aug1989,1.34e+10,4.13e+07,3.06e+09,1.40e+07,5.784207,5.38694
29sep1989,1.35e+10,2.66e+07,3.03e+09,8619548,6.228094,5.861601
31oct1989,1.30e+10,2.36e+07,2.95e+09,8213858,6.312546,5.883779
30nov1989,1.30e+10,3.96e+07,2.99e+09,1.07e+07,5.794245,5.629288
29dec1989,1.32e+10,2.57e+07,3.11e+09,1.06e+07,6.239169,5.683351
31jan1990,1.22e+10,1.89e+07,2.81e+09,6587884,6.465733,6.056818
28feb1990,1.24e+10,3.81e+07,2.85e+09,1.14e+07,5.783376,5.526032
30mar1990,1.28e+10,3.00e+07,2.92e+09,1.31e+07,6.058688,5.402918
30apr1990,1.22e+10,2.24e+07,2.83e+09,9150382,6.299348,5.734718
31may1990,1.32e+10,4.53e+07,3.10e+09,1.31e+07,5.672228,5.469223
29jun1990,1.30e+10,2.25e+07,3.06e+09,8102699,6.36014,5.934572
31jul1990,1.26e+10,2.19e+07,3.03e+09,7408365,6.356563,6.01404
31aug1990,1.12e+10,4.17e+07,2.75e+09,1.26e+07,5.594706,5.385012
28sep1990,1.05e+10,1.72e+07,2.59e+09,6155004,6.409669,6.042237
31oct1990,1.03e+10,2.09e+07,2.53e+09,7388832,6.195004,5.83495
30nov1990,1.12e+10,3.79e+07,2.69e+09,1.13e+07,5.689765,5.474597
31dec1990,1.16e+10,2.54e+07,2.77e+09,9220416,6.128259,5.705189
31jan1991,1.26e+10,1.71e+07,2.88e+09,5852381,6.604299,6.198989
28feb1991,1.35e+10,3.82e+07,3.09e+09,1.17e+07,5.87082,5.579025
28mar1991,1.40e+10,2.09e+07,3.19e+09,6846638,6.50807,6.145007
30apr1991,1.34e+10,2.26e+07,3.18e+09,8191547,6.383201,5.96142
31may1991,1.38e+10,4.91e+07,3.31e+09,1.42e+07,5.63909,5.452466
28jun1991,1.28e+10,2.36e+07,3.18e+09,7357504,6.299015,6.067937
31jul1991,1.37e+10,2.16e+07,3.33e+09,6514054,6.45145,6.236225
30aug1991,1.41e+10,4.09e+07,3.42e+09,1.22e+07,5.843384,5.641028
30sep1991,1.40e+10,2.19e+07,3.40e+09,7303226,6.456004,6.14222
31oct1991,1.42e+10,1.63e+07,3.46e+09,5969606,6.771548,6.361813
29nov1991,1.37e+10,3.93e+07,3.34e+09,1.17e+07,5.854146,5.651261
31dec1991,1.57e+10,2.48e+07,3.73e+09,8563294,6.454032,6.077387
31jan1992,1.57e+10,1.67e+07,3.69e+09,5342440,6.843822,6.538485
28feb1992,1.60e+10,3.74e+07,3.74e+09,1.15e+07,6.058199,5.78542
31mar1992,1.53e+10,3.47e+07,3.68e+09,9400686,6.09036,5.969277
30apr1992,1.52e+10,1.58e+07,3.71e+09,5631574,6.86741,6.489444
29may1992,1.48e+10,4.31e+07,3.72e+09,1.25e+07,5.839764,5.69573
30jun1992,1.37e+10,2.65e+07,3.69e+09,9969101,6.246873,5.914847
31jul1992,1.42e+10,1.91e+07,3.83e+09,8485921,6.609141,6.11242
31aug1992,1.38e+10,3.93e+07,3.75e+09,1.26e+07,5.861926,5.694929
30sep1992,1.40e+10,2.28e+07,3.79e+09,8370059,6.420613,6.116729
30oct1992,1.44e+10,1.46e+07,3.83e+09,5608391,6.891514,6.526744
30nov1992,1.52e+10,4.13e+07,3.99e+09,1.28e+07,5.906528,5.74298
31dec1992,1.55e+10,2.36e+07,4.12e+09,9438332,6.490815,6.079269
29jan1993,1.57e+10,1.57e+07,4.12e+09,5460448,6.909865,6.625582
26feb1993,1.53e+10,3.61e+07,4.16e+09,1.17e+07,6.05307,5.869697
31mar1993,1.56e+10,3.15e+07,4.29e+09,1.18e+07,6.206501,5.894955
30apr1993,1.49e+10,1.71e+07,4.18e+09,5980923,6.770202,6.549406
28may1993,1.56e+10,4.47e+07,4.32e+09,1.36e+07,5.85338,5.7646
30jun1993,1.50e+10,3.87e+07,4.38e+09,1.05e+07,5.961271,6.035804
30jul1993,1.46e+10,2.13e+07,4.38e+09,9556423,6.530249,6.126796
31aug1993,1.52e+10,3.92e+07,4.58e+09,1.31e+07,5.962623,5.859312
30sep1993,1.53e+10,2.57e+07,4.63e+09,9417614,6.392646,6.196711
29oct1993,1.56e+10,1.77e+07,4.67e+09,8431899,6.781227,6.317061
30nov1993,1.52e+10,4.17e+07,4.61e+09,1.41e+07,5.898748,5.790601
31dec1993,1.56e+10,2.22e+07,4.81e+09,1.00e+07,6.556422,6.175558
31jan1994,1.61e+10,2.18e+07,4.89e+09,1.05e+07,6.600416,6.141497
28feb1994,1.58e+10,3.74e+07,4.79e+09,1.29e+07,6.04829,5.920309
31mar1994,1.50e+10,4.04e+07,4.61e+09,2.71e+07,5.919955,5.13587
29apr1994,1.49e+10,2.95e+07,4.66e+09,1.63e+07,6.223643,5.656873
31may1994,1.45e+10,5.53e+07,4.69e+09,2.02e+07,5.567428,5.448631
30jun1994,1.38e+10,2.45e+07,4.59e+09,1.02e+07,6.334515,6.107278
29jul1994,1.45e+10,1.93e+07,4.74e+09,7333834,6.62061,6.470913
31aug1994,1.49e+10,3.86e+07,4.90e+09,1.39e+07,5.953106,5.868214
30sep1994,1.44e+10,2.31e+07,4.78e+09,9829492,6.435229,6.187075
31oct1994,1.50e+10,2.06e+07,4.84e+09,9249749,6.585548,6.260914
30nov1994,1.44e+10,4.04e+07,4.66e+09,1.50e+07,5.878857,5.737499
30dec1994,1.47e+10,2.65e+07,4.74e+09,1.21e+07,6.316965,5.973202
31jan1995,1.47e+10,3.70e+07,4.78e+09,1.26e+07,5.987335,5.941931
28feb1995,1.53e+10,3.47e+07,4.95e+09,1.25e+07,6.087211,5.977096
31mar1995,1.59e+10,2.61e+07,5.12e+09,1.21e+07,6.416569,6.043101
28apr1995,1.64e+10,1.74e+07,5.22e+09,7474172,6.846067,6.548259
31may1995,1.69e+10,5.48e+07,5.41e+09,1.74e+07,5.731993,5.738002
30jun1995,1.72e+10,2.45e+07,5.56e+09,1.02e+07,6.553185,6.297276
31jul1995,1.77e+10,3.17e+07,5.79e+09,2.34e+07,6.326603,5.508393
31aug1995,1.76e+10,4.35e+07,5.87e+09,1.90e+07,6.00174,5.731288
29sep1995,1.80e+10,2.46e+07,6.06e+09,1.04e+07,6.59539,6.365406
31oct1995,1.79e+10,1.88e+07,6.00e+09,8562381,6.857958,6.551817
30nov1995,1.83e+10,5.27e+07,6.30e+09,2.50e+07,5.851709,5.52834
29dec1995,1.82e+10,3.77e+07,6.51e+09,1.46e+07,6.180444,6.100676
31jan1996,1.84e+10,2.12e+07,6.64e+09,9699293,6.763666,6.528198
29feb1996,1.85e+10,3.41e+07,6.69e+09,1.40e+07,6.295791,6.166665
29mar1996,1.88e+10,3.00e+07,6.82e+09,1.34e+07,6.438369,6.233541
30apr1996,1.94e+10,1.97e+07,7.04e+09,9011554,6.892969,6.660398
31may1996,1.96e+10,5.05e+07,7.31e+09,2.16e+07,5.96432,5.822362
28jun1996,1.91e+10,2.35e+07,7.20e+09,1.03e+07,6.702171,6.553351
31jul1996,1.79e+10,2.46e+07,6.79e+09,1.16e+07,6.594299,6.375859
30aug1996,1.85e+10,3.20e+07,7.06e+09,1.52e+07,6.358982,6.138173
30sep1996,1.98e+10,2.57e+07,7.43e+09,1.17e+07,6.647494,6.45722
31oct1996,2.01e+10,5.98e+07,7.60e+09,2.70e+07,5.820464,5.64214
29nov1996,2.16e+10,5.17e+07,8.05e+09,2.13e+07,6.032979,5.936008
31dec1996,2.05e+10,2.91e+07,8.00e+09,1.46e+07,6.558001,6.305747
31jan1997,2.16e+10,2.64e+07,8.36e+09,1.34e+07,6.708082,6.439095
28feb1997,2.14e+10,3.35e+07,8.34e+09,1.49e+07,6.460036,6.327687
31mar1997,2.04e+10,2.69e+07,7.99e+09,1.30e+07,6.631246,6.419557
30apr1997,2.10e+10,2.20e+07,8.30e+09,1.04e+07,6.859338,6.685181
30may1997,2.23e+10,3.99e+07,8.99e+09,1.82e+07,6.325056,6.200105
30jun1997,2.24e+10,2.48e+07,9.31e+09,1.40e+07,6.806854,6.499721
31jul1997,2.41e+10,2.51e+07,1.03e+10,1.54e+07,6.866041,6.501357
29aug1997,2.22e+10,2.58e+07,9.67e+09,1.42e+07,6.756758,6.525724
30sep1997,2.31e+10,2.54e+07,1.02e+10,1.53e+07,6.810957,6.502938
31oct1997,2.15e+10,2.76e+07,9.84e+09,1.79e+07,6.657149,6.308114
28nov1997,2.17e+10,3.13e+07,1.01e+10,1.76e+07,6.543241,6.356493
31dec1997,2.19e+10,4.35e+07,1.04e+10,2.39e+07,6.223821,6.076426
30jan1998,2.20e+10,2.00e+07,1.04e+10,1.14e+07,6.999958,6.810689
27feb1998,2.30e+10,2.82e+07,1.11e+10,1.65e+07,6.704656,6.513068
31mar1998,2.41e+10,3.02e+07,1.18e+10,2.05e+07,6.684045,6.355958
30apr1998,2.44e+10,6.56e+07,1.21e+10,3.65e+07,5.920052,5.799818
29may1998,2.31e+10,2.98e+07,1.18e+10,1.84e+07,6.654877,6.468418
30jun1998,2.34e+10,2.49e+07,1.22e+10,1.54e+07,6.846617,6.669209
31jul1998,2.28e+10,2.13e+07,1.19e+10,1.49e+07,6.974644,6.680414
31aug1998,1.81e+10,2.69e+07,9.94e+09,1.67e+07,6.513122,6.391438
30sep1998,2.02e+10,2.58e+07,1.05e+10,1.59e+07,6.663056,6.496143
30oct1998,2.17e+10,1.60e+07,1.13e+10,1.09e+07,7.213653,6.938841
30nov1998,2.33e+10,4.60e+07,1.20e+10,3.16e+07,6.224909,5.939671
31dec1998,2.49e+10,2.53e+07,1.28e+10,1.73e+07,6.891506,6.606686
29jan1999,2.59e+10,1.98e+07,1.31e+10,1.61e+07,7.175316,6.698155
26feb1999,2.46e+10,2.64e+07,1.28e+10,1.66e+07,6.836251,6.6419
31mar1999,2.47e+10,2.47e+07,1.34e+10,1.61e+07,6.910311,6.722679
30apr1999,2.51e+10,1.89e+07,1.40e+10,1.21e+07,7.194312,7.056376
28may1999,2.45e+10,5.86e+07,1.40e+10,3.76e+07,6.034907,5.918409
30jun1999,2.45e+10,2.52e+07,1.44e+10,1.76e+07,6.882532,6.705628
30jul1999,2.37e+10,1.73e+07,1.40e+10,1.39e+07,7.222985,6.916058
31aug1999,2.38e+10,2.74e+07,1.39e+10,1.83e+07,6.767075,6.632041
30sep1999,2.33e+10,2.31e+07,1.36e+10,1.58e+07,6.916475,6.757331
29oct1999,2.47e+10,1.62e+07,1.45e+10,1.25e+07,7.327919,7.060492
30nov1999,2.59e+10,2.83e+07,1.51e+10,1.91e+07,6.819428,6.674036
31dec1999,2.79e+10,3.06e+07,1.66e+10,2.01e+07,6.812996,6.716091
31jan2000,2.64e+10,1.50e+07,1.60e+10,1.07e+07,7.472462,7.306116
29feb2000,2.74e+10,2.62e+07,1.66e+10,1.94e+07,6.950672,6.753767
31mar2000,2.83e+10,2.90e+07,1.77e+10,2.12e+07,6.883312,6.72602
28apr2000,2.63e+10,3.14e+07,1.67e+10,2.01e+07,6.731748,6.723314
31may2000,2.45e+10,8.26e+07,1.61e+10,7.14e+07,5.690243,5.416411
30jun2000,2.47e+10,8.15e+07,1.71e+10,3.00e+07,5.71403,6.346537
31jul2000,2.34e+10,4.16e+07,1.68e+10,3.90e+07,6.332933,6.063545
31aug2000,2.51e+10,4.09e+07,1.82e+10,3.22e+07,6.419563,6.339049
29sep2000,2.35e+10,1.68e+07,1.71e+10,1.23e+07,7.244232,7.239787
31oct2000,2.28e+10,2.74e+07,1.67e+10,2.13e+07,6.724741,6.667023
30nov2000,2.06e+10,3.09e+07,1.49e+10,2.14e+07,6.504346,6.549062
29dec2000,2.11e+10,2.24e+07,1.52e+10,1.78e+07,6.848143,6.749913
31jan2001,2.16e+10,1.93e+07,1.57e+10,1.31e+07,7.020091,7.093317
28feb2001,2.00e+10,5.01e+07,1.41e+10,2.74e+07,5.990981,6.245363
30mar2001,1.88e+10,2.35e+07,1.31e+10,1.49e+07,6.686732,6.779986
30apr2001,2.04e+10,2.92e+07,1.43e+10,2.55e+07,6.546404,6.326585
31may2001,2.05e+10,3.16e+07,1.44e+10,2.19e+07,6.474036,6.487827
29jun2001,2.00e+10,1.94e+07,1.41e+10,1.31e+07,6.940694,6.981242
31jul2001,1.93e+10,3.01e+07,1.40e+10,3.03e+07,6.464977,6.134509
31aug2001,1.82e+10,3.22e+07,1.31e+10,2.86e+07,6.339573,6.124982
28sep2001,1.66e+10,1.95e+07,1.18e+10,1.45e+07,6.743823,6.702095
31oct2001,1.72e+10,1.53e+07,1.22e+10,1.18e+07,7.020135,6.938207
30nov2001,1.85e+10,2.54e+07,1.31e+10,1.93e+07,6.590159,6.519228
31dec2001,1.90e+10,2.24e+07,1.34e+10,1.79e+07,6.744275,6.621916
31jan2002,1.89e+10,1.93e+07,1.32e+10,1.35e+07,6.88443,6.882432
28feb2002,1.85e+10,2.40e+07,1.29e+10,1.93e+07,6.646075,6.503976
28mar2002,1.94e+10,1.89e+07,1.35e+10,1.27e+07,6.933537,6.968883
30apr2002,1.87e+10,1.58e+07,1.28e+10,1.25e+07,7.073168,6.933159
31may2002,1.86e+10,2.69e+07,1.28e+10,2.10e+07,6.537687,6.409976
28jun2002,1.73e+10,2.73e+07,1.20e+10,2.03e+07,6.453321,6.378902
31jul2002,1.59e+10,1.96e+07,1.10e+10,1.45e+07,6.698312,6.6291
30aug2002,1.61e+10,2.84e+07,1.14e+10,3.37e+07,6.337279,5.820137
30sep2002,1.47e+10,2.03e+07,9.90e+09,1.53e+07,6.584684,6.474543
31oct2002,1.57e+10,1.93e+07,1.06e+10,1.62e+07,6.700513,6.485946
29nov2002,1.65e+10,3.23e+07,1.13e+10,2.50e+07,6.235154,6.116834
31dec2002,1.59e+10,2.49e+07,1.07e+10,1.95e+07,6.461343,6.310831
31jan2003,1.54e+10,1.57e+07,1.04e+10,1.32e+07,6.88905,6.674383
28feb2003,1.53e+10,2.42e+07,1.05e+10,1.98e+07,6.44591,6.275136
31mar2003,1.52e+10,2.18e+07,1.04e+10,1.45e+07,6.544457,6.572019
30apr2003,1.63e+10,2.36e+07,1.13e+10,1.77e+07,6.53703,6.454595
30may2003,1.73e+10,2.68e+07,1.19e+10,2.01e+07,6.472141,6.381382
30jun2003,1.76e+10,2.47e+07,1.21e+10,1.78e+07,6.564287,6.518162
31jul2003,1.80e+10,1.93e+07,1.24e+10,1.69e+07,6.834713,6.596964
29aug2003,1.84e+10,3.31e+07,1.27e+10,2.56e+07,6.321727,6.204
30sep2003,1.82e+10,2.75e+07,1.26e+10,1.96e+07,6.492948,6.468922
31oct2003,1.94e+10,2.24e+07,1.34e+10,1.91e+07,6.762729,6.554099
28nov2003,1.97e+10,3.20e+07,1.36e+10,2.24e+07,6.422417,6.411569
31dec2003,2.07e+10,2.99e+07,1.43e+10,2.36e+07,6.543349,6.410082
30jan2004,2.09e+10,1.85e+07,1.46e+10,1.66e+07,7.031745,6.777114
27feb2004,2.14e+10,2.85e+07,1.48e+10,2.28e+07,6.622343,6.475074
31mar2004,2.15e+10,2.80e+07,1.47e+10,1.97e+07,6.64031,6.616165
30apr2004,2.10e+10,2.74e+07,1.43e+10,2.15e+07,6.642416,6.505283
28may2004,2.10e+10,4.00e+07,1.46e+10,2.78e+07,6.264524,6.259978
30jun2004,2.13e+10,3.45e+07,1.48e+10,2.65e+07,6.422561,6.327076
30jul2004,2.05e+10,1.83e+07,1.42e+10,1.74e+07,7.018246,6.705793
31aug2004,2.04e+10,2.99e+07,1.44e+10,2.42e+07,6.522525,6.387205
30sep2004,2.07e+10,2.62e+07,1.46e+10,2.08e+07,6.672129,6.549067
29oct2004,2.13e+10,2.10e+07,1.48e+10,1.81e+07,6.922035,6.707463
30nov2004,2.29e+10,6.65e+07,1.58e+10,6.03e+07,5.843999,5.570241
31dec2004,2.35e+10,3.42e+07,1.63e+10,3.02e+07,6.533357,6.289761
31jan2005,2.30e+10,1.76e+07,1.56e+10,1.53e+07,7.176574,6.929485
28feb2005,2.29e+10,3.19e+07,1.60e+10,3.07e+07,6.577234,6.255457
31mar2005,2.25e+10,3.51e+07,1.58e+10,2.49e+07,6.463825,6.452097
29apr2005,2.16e+10,2.89e+07,1.53e+10,2.42e+07,6.617968,6.446268
31may2005,2.23e+10,6.02e+07,1.59e+10,4.05e+07,5.91547,5.971377
30jun2005,2.22e+10,3.18e+07,1.61e+10,2.60e+07,6.547903,6.427241
29jul2005,2.31e+10,2.37e+07,1.67e+10,2.27e+07,6.881238,6.603583
31aug2005,2.31e+10,4.12e+07,1.66e+10,3.36e+07,6.328979,6.202277
30sep2005,2.35e+10,3.06e+07,1.68e+10,2.27e+07,6.645308,6.607463
31oct2005,2.31e+10,3.05e+07,1.64e+10,2.74e+07,6.630117,6.397736
30nov2005,2.42e+10,4.51e+07,1.71e+10,3.85e+07,6.284991,6.092168
30dec2005,2.45e+10,3.50e+07,1.73e+10,2.91e+07,6.5516,6.386662
31jan2006,2.54e+10,3.88e+07,1.78e+10,3.59e+07,6.484337,6.204323
28feb2006,2.52e+10,3.91e+07,1.78e+10,3.53e+07,6.466683,6.221852
31mar2006,2.55e+10,3.54e+07,1.81e+10,2.70e+07,6.578989,6.511446
28apr2006,2.56e+10,3.35e+07,1.83e+10,2.91e+07,6.638312,6.443444
31may2006,2.45e+10,5.64e+07,1.78e+10,4.77e+07,6.072753,5.923594
30jun2006,2.41e+10,3.14e+07,1.77e+10,2.62e+07,6.644722,6.513979
31jul2006,2.46e+10,3.05e+07,1.77e+10,2.71e+07,6.690358,6.480105
31aug2006,2.48e+10,4.16e+07,1.80e+10,5.17e+07,6.38938,5.853821
29sep2006,2.51e+10,2.62e+07,1.82e+10,2.33e+07,6.866571,6.66121
31oct2006,2.61e+10,1.05e+08,1.88e+10,1.03e+08,5.518116,5.210709
30nov2006,2.71e+10,5.58e+07,1.93e+10,5.14e+07,6.185177,5.927178
29dec2006,2.73e+10,3.95e+07,1.96e+10,3.54e+07,6.537148,6.317343
31jan2007,2.75e+10,2.70e+07,1.97e+10,3.63e+07,6.925624,6.294596
28feb2007,2.70e+10,4.03e+07,1.94e+10,4.09e+07,6.507741,6.160717
30mar2007,2.77e+10,3.52e+07,1.97e+10,3.09e+07,6.667669,6.456949
30apr2007,2.85e+10,7.84e+07,2.04e+10,4.26e+07,5.897511,6.170473
31may2007,3.01e+10,5.32e+07,2.11e+10,4.96e+07,6.337272,6.054073
29jun2007,2.95e+10,3.36e+07,2.08e+10,3.04e+07,6.777564,6.527671
31jul2007,2.91e+10,4.78e+07,2.02e+10,4.02e+07,6.412269,6.217791
31aug2007,2.95e+10,4.76e+07,2.03e+10,4.49e+07,6.430619,6.114132
28sep2007,3.08e+10,3.17e+07,2.10e+10,2.97e+07,6.876595,6.56263
31oct2007,3.27e+10,3.40e+07,2.15e+10,3.12e+07,6.868712,6.53531
30nov2007,3.14e+10,6.24e+07,2.04e+10,5.96e+07,6.223102,5.834075
31dec2007,3.21e+10,5.11e+07,2.05e+10,4.63e+07,6.440692,6.093126
31jan2008,2.84e+10,2.67e+07,1.88e+10,2.78e+07,6.970279,6.516555
29feb2008,2.78e+10,3.98e+07,1.84e+10,3.88e+07,6.549158,6.160694
31mar2008,2.80e+10,1.56e+08,1.83e+10,1.52e+08,5.190822,4.791944
30apr2008,3.02e+10,3.06e+07,1.94e+10,2.71e+07,6.894802,6.572799
30may2008,3.07e+10,5.68e+07,1.96e+10,5.18e+07,6.290983,5.935173
30jun2008,2.80e+10,4.23e+07,1.81e+10,4.06e+07,6.494415,6.096266
31jul2008,2.72e+10,3.21e+07,1.78e+10,2.93e+07,6.741666,6.40665
29aug2008,2.77e+10,4.27e+07,1.79e+10,3.72e+07,6.472304,6.17577
30sep2008,2.48e+10,3.69e+07,1.61e+10,3.53e+07,6.50893,6.125893
31oct2008,2.07e+10,2.86e+07,1.31e+10,2.43e+07,6.585796,6.287512
28nov2008,1.88e+10,4.33e+07,1.19e+10,3.82e+07,6.073509,5.742231
31dec2008,1.89e+10,3.84e+07,1.23e+10,3.93e+07,6.196671,5.746312
30jan2009,1.76e+10,1.89e+07,1.12e+10,1.61e+07,6.836912,6.541262
27feb2009,1.60e+10,3.82e+07,1.00e+10,3.65e+07,6.040342,5.613617
31mar2009,1.76e+10,3.34e+07,1.08e+10,2.86e+07,6.264796,5.934532
30apr2009,1.96e+10,2.39e+07,1.20e+10,2.07e+07,6.710015,6.357691
29may2009,2.08e+10,3.96e+07,1.28e+10,3.49e+07,6.262834,5.905708
30jun2009,2.09e+10,2.95e+07,1.28e+10,2.52e+07,6.564518,6.231927
31jul2009,2.30e+10,2.40e+07,1.39e+10,1.90e+07,6.865248,6.594159
31aug2009,2.37e+10,3.51e+07,1.43e+10,3.12e+07,6.515398,6.132088
30sep2009,2.50e+10,3.01e+07,1.51e+10,2.69e+07,6.721716,6.327682
30oct2009,2.46e+10,2.15e+07,1.46e+10,1.80e+07,7.039306,6.70032
30nov2009,2.60e+10,4.75e+07,1.55e+10,3.80e+07,6.304777,6.010196
31dec2009,2.71e+10,4.26e+07,1.62e+10,5.24e+07,6.45522,5.732935
29jan2010,2.31e+10,1.86e+07,1.53e+10,1.50e+07,7.126996,6.926424
26feb2010,2.41e+10,3.76e+07,1.58e+10,3.35e+07,6.4645,6.157618
31mar2010,2.61e+10,3.35e+07,1.68e+10,2.74e+07,6.659126,6.421443
30apr2010,2.72e+10,2.28e+07,1.72e+10,1.90e+07,7.084323,6.811916
28may2010,2.52e+10,4.34e+07,1.58e+10,3.85e+07,6.364309,6.016723
30jun2010,2.41e+10,3.37e+07,1.50e+10,2.96e+07,6.569542,6.226949
30jul2010,2.54e+10,3.94e+07,1.60e+10,3.56e+07,6.470122,6.110582
31aug2010,2.42e+10,4.01e+07,1.53e+10,3.70e+07,6.401857,6.021805
30sep2010,2.68e+10,3.53e+07,1.66e+10,3.20e+07,6.633108,6.254648
29oct2010,2.82e+10,2.87e+07,1.73e+10,2.44e+07,6.887876,6.562481
30nov2010,2.85e+10,4.69e+07,1.75e+10,4.24e+07,6.411293,6.01959
31dec2010,3.04e+10,4.43e+07,1.90e+10,4.21e+07,6.531463,6.111297
31jan2011,3.09e+10,3.81e+07,1.90e+10,3.58e+07,6.698725,6.274613
28feb2011,3.20e+10,4.08e+07,1.97e+10,3.74e+07,6.664519,6.269841
31mar2011,3.21e+10,3.87e+07,1.99e+10,3.38e+07,6.71904,6.376043
29apr2011,3.27e+10,2.59e+07,2.03e+10,2.19e+07,7.141604,6.831314
31may2011,3.25e+10,4.95e+07,2.01e+10,4.43e+07,6.487437,6.118907
30jun2011,3.14e+10,3.97e+07,1.96e+10,3.62e+07,6.67449,6.292474
29jul2011,3.22e+10,4.25e+07,1.91e+10,3.87e+07,6.631521,6.202509
31aug2011,3.09e+10,4.66e+07,1.80e+10,4.21e+07,6.496317,6.059487
30sep2011,2.89e+10,3.30e+07,1.64e+10,3.08e+07,6.77691,6.276855
31oct2011,3.17e+10,2.84e+07,1.82e+10,2.47e+07,7.016917,6.605562
30nov2011,3.10e+10,6.02e+07,1.80e+10,5.46e+07,6.243179,5.799575
30dec2011,3.18e+10,4.64e+07,1.83e+10,4.44e+07,6.530002,6.019718
31jan2012,3.39e+10,2.74e+07,1.90e+10,2.45e+07,7.121078,6.654076
29feb2012,3.70e+10,4.87e+07,1.98e+10,4.52e+07,6.633368,6.081623
30mar2012,3.91e+10,4.30e+07,2.02e+10,3.74e+07,6.813044,6.293739
30apr2012,3.85e+10,2.96e+07,2.01e+10,2.56e+07,7.171201,6.6658
31may2012,3.68e+10,7.86e+07,1.87e+10,7.32e+07,6.149722,5.544413
29jun2012,3.78e+10,4.27e+07,1.94e+10,3.98e+07,6.786648,6.189046
31jul2012,3.84e+10,2.86e+07,1.95e+10,2.54e+07,7.201978,6.644385
31aug2012,4.02e+10,1.25e+08,1.99e+10,5.22e+07,5.771785,5.945203
28sep2012,4.08e+10,3.98e+07,2.05e+10,3.95e+07,6.931172,6.252364
31oct2012,3.87e+10,7.36e+07,2.03e+10,6.86e+07,6.264162,5.689483
30nov2012,3.88e+10,1.35e+08,2.03e+10,6.25e+07,5.65722,5.784519
31dec2012,3.87e+10,7.97e+07,2.15e+10,7.41e+07,6.184441,5.672186
31jan2013,3.66e+10,1.47e+08,2.17e+10,1.18e+08,5.519264,5.211401
28feb2013,3.63e+10,1.21e+08,2.17e+10,5.00e+07,5.705061,6.075687
28mar2013,3.73e+10,4.23e+07,2.25e+10,3.90e+07,6.780572,6.358468
30apr2013,3.77e+10,3.27e+07,2.29e+10,2.80e+07,7.049242,6.705864
31may2013,3.84e+10,1.50e+08,2.33e+10,6.83e+07,5.541868,5.833615
28jun2013,3.62e+10,4.75e+07,2.28e+10,4.84e+07,6.636925,6.155964
31jul2013,3.88e+10,4.73e+07,2.40e+10,4.40e+07,6.708809,6.30172
30aug2013,3.89e+10,1.34e+08,2.34e+10,5.40e+07,5.672738,6.0711
30sep2013,3.97e+10,4.49e+07,2.43e+10,4.41e+07,6.784472,6.310225
31oct2013,4.19e+10,3.44e+07,2.52e+10,3.08e+07,7.1052,6.707725
29nov2013,4.34e+10,1.38e+08,2.59e+10,5.96e+07,5.751002,6.073616
31dec2013,4.47e+10,6.03e+07,2.69e+10,5.94e+07,6.610069,6.117795
31jan2014,4.10e+10,3.25e+07,2.57e+10,3.03e+07,7.140455,6.744802
28feb2014,4.30e+10,1.49e+08,2.69e+10,7.13e+07,5.666611,5.934742
31mar2014,4.27e+10,6.10e+07,2.70e+10,5.67e+07,6.550614,6.16611
30apr2014,4.39e+10,1.96e+08,2.73e+10,1.94e+08,5.412086,4.945825
30may2014,4.55e+10,1.56e+08,2.78e+10,7.46e+07,5.677447,5.921795
30jun2014,3.33e+10,7.07e+07,2.87e+10,6.90e+07,6.153872,6.030611
31jul2014,3.23e+10,4.75e+07,2.80e+10,4.52e+07,6.520978,6.427199
29aug2014,3.35e+10,7.99e+07,2.90e+10,6.66e+07,6.039527,6.076502
30sep2014,3.29e+10,4.94e+07,2.83e+10,4.92e+07,6.499244,6.353031
31oct2014,3.37e+10,4.32e+07,2.88e+10,4.15e+07,6.659204,6.544942
28nov2014,3.46e+10,8.66e+07,2.95e+10,7.34e+07,5.990069,5.996326
31dec2014,3.49e+10,7.18e+07,3.00e+10,7.03e+07,6.186346,6.054642
30jan2015,3.34e+10,3.42e+07,2.85e+10,3.26e+07,6.884288,6.773864
27feb2015,3.55e+10,8.29e+07,3.02e+10,7.13e+07,6.059287,6.047125
31mar2015,3.44e+10,5.80e+07,2.96e+10,5.50e+07,6.383822,6.29002
30apr2015,3.45e+10,3.85e+07,2.99e+10,3.65e+07,6.796654,6.705915
29may2015,3.48e+10,7.97e+07,3.00e+10,6.70e+07,6.077793,6.105977
30jun2015,3.40e+10,6.56e+07,2.95e+10,6.39e+07,6.250257,6.133805
31jul2015,3.39e+10,1.25e+08,2.98e+10,1.24e+08,5.60181,5.483939
31aug2015,3.17e+10,8.11e+07,2.79e+10,6.95e+07,5.969264,5.994869
30sep2015,3.06e+10,5.56e+07,2.69e+10,5.57e+07,6.311424,6.181557
30oct2015,3.27e+10,4.24e+07,2.88e+10,4.11e+07,6.647011,6.55347
30nov2015,3.28e+10,1.09e+08,2.89e+10,9.71e+07,5.70224,5.694959
31dec2015,3.25e+10,6.91e+07,2.89e+10,6.86e+07,6.152561,6.043475
29jan2016,2.98e+10,3.94e+07,2.65e+10,3.78e+07,6.630255,6.552814
29feb2016,2.96e+10,7.63e+07,2.63e+10,6.63e+07,5.961202,5.98323
31mar2016,3.17e+10,6.52e+07,2.81e+10,6.59e+07,6.18756,6.054978
29apr2016,3.18e+10,4.80e+07,2.84e+10,4.64e+07,6.493869,6.415011
31may2016,3.22e+10,8.49e+07,2.87e+10,7.23e+07,5.938519,5.982454
30jun2016,3.22e+10,6.61e+07,2.87e+10,6.57e+07,6.189478,6.07927
29jul2016,3.34e+10,5.39e+07,2.97e+10,5.22e+07,6.430943,6.344483
31aug2016,3.34e+10,8.41e+07,2.98e+10,7.14e+07,5.984091,6.033051
30sep2016,3.37e+10,5.53e+07,2.98e+10,5.54e+07,6.411607,6.289226
31oct2016,3.30e+10,4.70e+07,2.92e+10,4.57e+07,6.553679,6.460661
30nov2016,3.39e+10,9.95e+07,3.03e+10,8.69e+07,5.830508,5.853727
30dec2016,3.51e+10,6.62e+07,3.14e+10,6.55e+07,6.272464,6.171155
31jan2017,3.55e+10,3.69e+07,3.16e+10,3.81e+07,6.869825,6.71999
28feb2017,3.65e+10,8.50e+07,3.25e+10,7.49e+07,6.063868,6.07354
31mar2017,3.67e+10,6.64e+07,3.25e+10,6.44e+07,6.315169,6.22452
28apr2017,3.72e+10,4.69e+07,3.29e+10,4.39e+07,6.675309,6.618571
31may2017,3.79e+10,9.67e+07,3.33e+10,8.31e+07,5.971189,5.993172
30jun2017,3.79e+10,6.66e+07,3.35e+10,6.67e+07,6.344183,6.218698
31jul2017,3.86e+10,4.96e+07,3.41e+10,4.85e+07,6.65772,6.554868
31aug2017,3.91e+10,9.61e+07,3.42e+10,8.28e+07,6.007377,6.022883
29sep2017,3.95e+10,6.03e+07,3.48e+10,6.05e+07,6.484654,6.35495
31oct2017,4.03e+10,4.13e+07,3.55e+10,4.04e+07,6.883745,6.778378
30nov2017,4.13e+10,9.61e+07,3.64e+10,8.34e+07,6.064208,6.077709
29dec2017,4.24e+10,7.69e+07,3.76e+10,7.53e+07,6.313125,6.211993
31jan2018,4.38e+10,3.45e+07,3.88e+10,3.39e+07,7.146029,7.042932
28feb2018,4.22e+10,8.39e+07,3.71e+10,7.20e+07,6.221323,6.245478
29mar2018,4.12e+10,7.42e+07,3.64e+10,7.22e+07,6.319394,6.224929
30apr2018,4.12e+10,3.98e+07,3.65e+10,3.90e+07,6.944208,6.843757
31may2018,4.24e+10,1.04e+08,3.74e+10,9.17e+07,6.012283,6.01144
29jun2018,4.24e+10,8.23e+07,3.75e+10,8.00e+07,6.245103,6.149031
31jul2018,4.37e+10,4.69e+07,3.86e+10,4.57e+07,6.836089,6.738366
31aug2018,4.53e+10,9.68e+07,3.95e+10,8.31e+07,6.147916,6.163898
28sep2018,4.51e+10,6.56e+07,3.94e+10,6.43e+07,6.534012,6.41771
31oct2018,4.19e+10,4.89e+07,3.66e+10,4.79e+07,6.753722,6.638325
30nov2018,4.19e+10,1.03e+08,3.71e+10,8.98e+07,6.005528,6.024522
31dec2018,3.90e+10,8.86e+07,3.47e+10,8.63e+07,6.086434,5.997064
31jan2019,4.09e+10,4.17e+07,3.65e+10,4.05e+07,6.889914,6.803186
28feb2019,4.22e+10,9.03e+07,3.76e+10,8.01e+07,6.14677,6.150267
29mar2019,4.29e+10,7.24e+07,3.80e+10,7.05e+07,6.383768,6.289394
30apr2019,4.44e+10,6.27e+07,3.94e+10,8.96e+07,6.562946,6.085624
31may2019,4.13e+10,1.04e+08,3.69e+10,8.96e+07,5.989488,6.020094
28jun2019,4.44e+10,8.44e+07,3.94e+10,8.23e+07,6.266025,6.172131
31jul2019,4.51e+10,4.49e+07,3.98e+10,4.38e+07,6.910916,6.811036
30aug2019,4.40e+10,9.55e+07,3.88e+10,8.15e+07,6.13325,6.166521
30sep2019,4.47e+10,1.02e+08,3.94e+10,9.98e+07,6.086245,5.977522
31oct2019,4.59e+10,4.85e+07,4.01e+10,4.72e+07,6.853354,6.744509
29nov2019,4.75e+10,9.38e+07,4.14e+10,8.01e+07,6.227772,6.247818
31dec2019,5.09e+10,1.01e+08,4.41e+10,9.61e+07,6.221278,6.128137
31jan2020,4.95e+10,4.70e+07,4.25e+10,4.59e+07,6.960859,6.82968
28feb2020,4.57e+10,9.60e+07,3.91e+10,8.23e+07,6.165655,6.164272
31mar2020,3.94e+10,8.68e+07,3.35e+10,8.49e+07,6.118348,5.978139
30apr2020,4.47e+10,1.06e+08,3.79e+10,1.05e+08,6.043718,5.888249
29may2020,4.72e+10,8.82e+07,3.97e+10,7.63e+07,6.281531,6.254228
30jun2020,4.90e+10,7.60e+07,4.08e+10,7.16e+07,6.469031,6.345074
31jul2020,5.28e+10,6.60e+07,4.32e+10,5.82e+07,6.6846,6.609832
31aug2020,5.18e+10,8.53e+07,4.84e+10,8.17e+07,6.408507,6.385006
30sep2020,4.80e+10,7.04e+07,4.47e+10,6.82e+07,6.525105,6.48472
30oct2020,4.64e+10,4.98e+07,4.39e+10,4.88e+07,6.836821,6.800714
30nov2020,5.22e+10,8.50e+07,4.93e+10,8.37e+07,6.421045,6.378594
31dec2020,5.59e+10,1.06e+08,5.31e+10,1.04e+08,6.267698,6.240165
29jan2021,5.46e+10,5.24e+07,5.19e+10,5.14e+07,6.949147,6.915695
26feb2021,5.63e+10,7.12e+07,5.35e+10,7.03e+07,6.671823,6.634795
31mar2021,5.80e+10,8.69e+07,5.54e+10,8.52e+07,6.504383,6.47863
30apr2021,6.08e+10,4.84e+07,5.83e+10,4.75e+07,7.13569,7.111212
28may2021,6.11e+10,8.28e+07,5.87e+10,8.21e+07,6.603781,6.572653
30jun2021,6.26e+10,9.63e+07,6.05e+10,9.51e+07,6.476214,6.455685
30jul2021,6.15e+10,5.74e+07,6.10e+10,5.75e+07,6.97612,6.967093
31aug2021,6.33e+10,9.27e+07,6.27e+10,9.24e+07,6.525306,6.51924
30sep2021,6.07e+10,8.42e+07,6.01e+10,8.34e+07,6.580069,6.579927
29oct2021,6.43e+10,5.90e+07,6.40e+10,5.81e+07,6.994549,7.004372
30nov2021,6.32e+10,1.21e+08,6.30e+10,1.21e+08,6.261912,6.259796
31dec2021,6.76e+10,1.24e+08,6.73e+10,1.23e+08,6.302483,6.307003
31jan2022,6.12e+10,5.06e+07,6.11e+10,4.97e+07,7.099047,7.113564
28feb2022,6.00e+10,9.55e+07,5.99e+10,9.55e+07,6.443615,6.441544
31mar2022,6.16e+10,9.99e+07,6.15e+10,9.93e+07,6.423932,6.428957
29apr2022,5.62e+10,1.02e+08,5.62e+10,1.02e+08,6.313258,6.313904
31may2022,5.58e+10,9.36e+07,5.59e+10,9.36e+07,6.389221,6.391116
